Resp,PR.46,PR.49,PR.52,PR.61,PR.64,PR.65,PR.68,PR.71,PR.73,PR.75,RT.41,RT.210,RT.215,RT.118,RT.43,RT.122,RT.219,RT.44,RT.70,RT.211,VL.t0,CD4.t0
0,G,G,C,G,G,C,T,T,G,T,L,L,Y,V,K,E,K,E,K,R,4.3,145
0,G,G,C,G,G,C,T,T,G,T,L,L,X,V,K,E,K,E,K,R,3.6,224
0,G,G,C,G,G,C,T,T,G,T,L,L,Y,V,K,E,K,E,K,R,3.2,1017
0,G,G,C,G,G,C,T,T,G,T,L,L,Y,V,K,K,K,E,K,K,5.7,206
0,G,G,C,G,G,C,T,T,G,T,L,L,T,V,K,K,K,E,K,R,3.5,572
0,G,G,C,G,G,C,T,T,G,T,L,F,Y,V,K,K,K,E,K,K,3.9,239
0,G,G,C,G,G,C,T,T,G,T,L,F,Y,V,K,E,K,E,K,K,3.4,221
0,G,G,C,G,G,C,T,T,G,T,L,L,Y,V,K,E,K,E,K,K,4.4,384
0,G,G,C,G,G,C,T,T,G,T,L,S,Y,V,K,K,K,E,K,R,3.9,309
0,G,G,C,G,G,C,T,T,G,T,L,L,Y,V,K,E,K,E,K,K,4.1,184
0,G,G,C,G,G,C,T,T,G,T,L,L,Y,V,K,K,K,E,K,K,3.5,497
0,G,G,C,G,G,C,T,T,G,T,L,W,Y,V,K,K,K,E,K,R,5.9,199
0,G,G,C,G,G,C,T,T,G,T,L,L,Y,V,K,K,K,E,K,R,5.1,64
0,G,G,C,G,G,C,T,T,G,T,L,L,F,V,K,K,K,E,K,K,4.6,247
0,G,G,S,G,G,C,T,T,G,T,L,L,Y,V,K,K,K,E,K,K,3,231
0,G,G,C,G,G,C,T,T,G,C,L,L,Y,V,K,K,K,E,K,K,3.3,155
0,G,G,C,G,G,C,T,T,G,T,L,W,Y,V,E,K,K,E,K,K,4.7,115
0,G,G,C,G,G,C,T,T,G,T,L,X,Y,X,Q,K,K,E,K,K,4.1,414
0,G,G,C,G,G,C,T,T,G,T,L,L,Y,V,K,K,K,X,K,K,5.1,75
0,G,G,C,G,G,Y,T,T,G,T,X,W,X,V,K,K,K,E,K,K,5.2,242
0,G,G,C,G,G,C,T,T,G,T,L,W,X,V,K,X,K,E,K,K,3.3,478
0,G,G,C,G,G,C,T,T,G,C,L,L,Y,V,K,K,K,D,K,K,3.4,349
0,G,G,C,G,G,C,T,T,G,T,L,W,Y,V,K,K,K,E,K,K,3.5,308
0,G,G,C,G,G,C,T,T,G,T,L,W,Y,V,K,K,K,D,K,X,4,325
0,G,G,C,G,G,C,T,T,G,T,L,X,Y,V,K,K,K,D,K,X,3.7,316
0,G,G,C,G,G,C,T,T,G,T,L,L,Y,V,K,K,K,E,K,R,3.5,117
0,G,G,C,G,G,C,T,T,G,T,L,W,Y,V,K,E,K,E,K,Q,5.7,109
0,G,G,C,G,G,C,T,T,G,T,L,W,Y,V,E,K,K,E,K,X,3.9,52
0,G,G,C,G,G,C,T,T,G,T,L,W,Y,V,K,K,K,E,K,R,4.9,14
0,G,G,C,G,G,C,T,T,G,T,L,W,Y,I,K,E,Q,D,K,K,5.8,60
0,G,G,C,G,G,C,T,T,G,Y,L,W,Y,I,K,E,Q,D,K,K,3.1,298
0,G,G,C,G,G,C,T,T,G,T,L,W,Y,I,K,E,Q,D,K,K,4.2,209
0,G,G,C,G,G,C,T,T,G,T,L,W,Y,I,K,E,K,D,K,K,4.4,40
0,G,G,C,G,G,C,T,T,G,T,L,W,Y,I,K,E,K,D,K,K,4.9,30
0,G,G,C,G,G,C,T,T,G,T,L,W,Y,I,K,K,E,D,K,K,4,376
0,G,G,C,G,G,C,T,T,G,T,L,W,Y,I,K,E,D,E,R,S,3.5,342
0,G,G,C,G,G,C,T,T,G,T,L,W,Y,I,K,E,X,E,R,S,4.5,134
0,G,G,C,G,G,C,T,T,G,T,L,W,Y,I,K,E,N,D,R,K,3.7,395
0,G,G,C,G,G,C,T,T,G,T,L,W,Y,I,K,K,R,D,K,R,3.7,150
0,G,G,C,G,G,C,T,T,G,T,L,W,Y,I,E,E,K,D,K,K,4.4,216
0,G,G,C,G,G,C,T,T,G,T,L,W,Y,I,E,E,K,D,K,K,3.2,282
0,G,G,C,G,G,C,T,T,G,T,L,W,Y,I,N,E,K,D,K,K,4.5,14
0,G,G,C,G,G,C,T,T,G,T,L,W,Y,I,E,X,N,A,K,N,4.3,255
0,G,G,C,G,G,C,T,T,G,T,L,W,Y,I,K,E,N,D,K,D,4,314
0,G,G,C,G,G,C,T,T,G,T,L,W,Y,I,E,E,R,A,K,R,5,195
0,G,G,C,G,G,C,T,T,G,T,L,X,Y,I,E,E,X,A,K,K,3.8,538
0,G,G,C,G,G,C,T,T,G,T,L,W,Y,I,E,E,R,A,K,K,3.9,378
0,G,G,C,G,G,C,T,T,G,T,L,W,Y,I,Q,E,K,X,K,R,5.3,13
0,G,G,C,G,G,C,T,T,G,T,L,W,Y,I,Q,E,K,X,K,R,4.6,337
0,G,G,C,G,G,C,T,T,G,T,L,W,Y,X,N,E,X,D,K,D,4.1,271
0,G,G,C,G,G,C,T,T,G,T,L,W,Y,I,Q,E,K,D,K,K,4,218
0,G,G,C,G,G,C,T,T,G,T,L,W,Y,I,K,X,K,D,K,K,4.7,254
0,G,G,C,G,G,C,T,T,G,C,L,W,Y,I,E,K,K,D,K,K,4,269
0,G,G,C,G,G,C,T,T,G,T,L,W,Y,I,E,K,X,E,K,K,3.9,243
0,G,G,C,G,G,C,T,T,G,T,L,W,Y,V,K,E,R,D,K,K,5.2,257
0,G,G,C,G,G,C,T,T,G,C,L,W,Y,I,K,E,K,D,K,R,3.1,291
0,G,G,C,G,G,C,T,T,G,C,L,W,Y,I,K,E,R,D,K,R,4,157
0,G,G,C,G,G,C,T,T,G,T,L,W,Y,I,K,E,K,D,K,A,4.6,317
0,G,G,C,G,G,C,T,T,G,T,L,W,Y,I,Q,E,K,E,K,K,4.2,298
0,G,G,C,G,G,C,T,T,G,T,L,W,Y,I,K,E,N,D,K,R,5.1,21
0,G,G,C,G,G,C,T,T,G,T,L,W,Y,I,K,E,R,E,K,K,5.5,192
0,G,G,C,G,G,C,T,T,G,T,L,W,Y,I,E,X,N,E,K,K,4.8,241
0,G,G,C,G,G,C,T,T,G,T,L,W,Y,I,E,K,K,A,K,K,4.7,219
0,G,G,C,G,G,C,T,T,G,T,L,W,Y,I,K,E,K,D,K,K,4.5,383
0,G,G,C,G,G,C,T,T,G,T,L,W,Y,X,E,K,X,X,K,X,3.6,74
0,G,G,C,G,G,C,T,T,G,C,L,W,Y,X,K,K,X,X,K,R,3.5,301
0,G,G,C,G,G,C,T,T,G,T,L,X,Y,X,X,E,K,X,K,K,3.3,227
0,G,G,C,G,G,C,T,T,G,T,L,W,Y,X,X,K,K,E,K,K,4.2,123
0,G,G,C,G,G,C,T,T,G,T,L,W,Y,I,Q,K,K,X,K,K,4.4,215
0,G,G,C,G,G,C,T,T,G,T,L,W,Y,I,N,K,K,X,K,K,3.3,230
0,G,G,C,G,G,C,T,T,G,T,L,W,Y,I,Q,E,K,D,K,K,4.8,59
0,G,G,C,G,G,C,T,T,G,T,L,W,Y,I,Q,E,K,D,K,K,3.6,103
0,G,G,C,G,G,C,T,T,G,T,L,W,Y,I,Q,E,R,D,K,K,5.6,104
0,G,G,C,G,G,C,T,T,G,T,L,W,Y,I,Q,E,K,D,K,K,4.5,281
0,G,G,C,G,G,C,T,T,G,T,L,W,Y,V,Q,E,K,D,K,K,4.6,77
0,G,G,C,G,G,C,T,T,G,T,L,W,Y,I,K,E,K,D,K,K,4.2,257
0,G,G,C,G,G,C,T,T,G,T,L,W,Y,I,E,E,K,D,K,K,3.7,694
0,G,G,C,G,G,C,T,T,G,C,L,W,Y,I,E,X,E,A,K,K,4,230
0,G,G,C,G,G,C,T,T,G,T,L,W,Y,V,Q,E,K,D,K,K,3.4,88
0,G,G,C,G,G,C,T,T,G,T,L,W,Y,I,N,P,K,D,K,K,4.9,86
0,G,G,C,G,G,C,T,T,G,T,L,W,Y,I,Q,V,K,E,K,K,4,165
0,G,G,C,G,G,C,T,T,G,T,L,W,Y,I,Q,K,K,X,K,E,4.8,387
0,G,G,C,G,G,C,T,T,G,T,L,W,Y,I,N,E,R,D,K,R,4.2,195
0,G,G,C,G,G,C,T,T,G,T,L,W,Y,I,Q,K,X,E,K,K,3.5,382
0,G,G,C,G,G,C,T,T,G,T,L,W,Y,X,Q,K,X,E,K,K,4.8,53
0,G,G,C,G,G,C,T,T,G,T,L,W,Y,I,Q,K,K,E,K,K,3.5,430
0,G,G,C,G,G,C,T,T,G,T,L,W,Y,V,E,E,K,D,K,K,5.6,255
0,G,G,C,G,G,C,T,T,G,C,L,W,Y,I,Q,K,K,D,K,K,5.8,59
0,G,G,C,G,G,C,T,T,G,T,L,W,Y,I,N,E,K,D,K,K,3.3,126
0,G,G,C,G,G,C,T,T,G,T,L,W,Y,I,Q,K,K,D,K,K,4.6,166
0,G,G,C,G,G,C,T,T,G,T,L,W,Y,I,Q,K,K,E,K,K,4.3,114
0,G,G,C,G,G,C,T,T,G,C,L,W,Y,I,Q,K,K,X,K,K,4.1,258
0,G,G,C,G,G,C,T,T,G,T,L,W,Y,I,Q,K,K,X,K,K,4.4,273
0,G,G,C,G,G,C,T,T,G,T,L,W,Y,I,E,E,K,X,K,K,5.1,128
0,G,G,C,G,G,C,T,T,G,T,L,W,Y,I,X,E,K,E,K,K,4.3,296
0,G,G,C,G,G,C,T,T,G,T,L,W,Y,I,Q,E,K,X,K,K,3.8,270
0,G,G,C,G,G,C,T,T,G,T,L,W,Y,I,X,E,K,X,K,X,4,83
0,G,G,C,G,G,C,T,T,G,C,L,W,Y,I,K,K,K,D,X,K,4.1,390
0,G,G,C,G,G,C,T,T,G,T,L,W,Y,I,K,X,K,D,K,E,5.5,81
0,G,G,C,G,G,C,T,T,G,C,L,W,Y,I,K,X,K,D,K,E,5.3,40
0,G,G,C,G,G,C,T,T,G,T,L,W,Y,I,E,X,K,A,K,K,5,11
0,G,G,C,G,G,C,T,T,G,T,L,W,Y,I,E,K,R,A,K,D,5.4,248
0,G,G,C,G,G,C,T,T,G,T,L,W,Y,V,X,E,K,X,K,K,4.7,546
0,G,G,C,G,G,C,T,T,G,T,L,W,Y,V,K,E,K,D,K,K,3.4,407
0,G,G,C,G,G,C,T,T,G,T,L,W,Y,I,K,E,K,E,K,K,3.3,140
0,G,G,C,G,G,C,T,T,G,T,L,W,Y,I,E,E,K,E,K,K,4.4,308
0,G,G,C,G,G,C,T,T,G,T,L,W,Y,I,Q,E,K,E,K,K,5.4,319
0,G,G,C,G,G,C,T,T,G,T,L,W,Y,I,X,E,K,E,K,K,3.55,424
0,G,G,C,G,G,C,T,T,G,T,L,W,Y,I,E,K,K,E,K,K,3.6,573
0,G,G,C,G,G,C,T,T,G,T,L,W,Y,I,M,K,K,E,K,K,3.7,443
0,G,G,C,G,G,C,T,T,G,T,L,W,Y,I,K,K,K,E,K,K,4.2,63
0,G,G,C,G,G,C,T,T,G,T,L,W,Y,I,K,K,K,E,K,K,3.4,392
0,G,G,C,G,G,C,T,T,G,T,L,W,Y,I,K,X,K,D,K,X,3.8,133
0,G,G,C,G,G,C,T,T,G,T,L,W,Y,I,K,X,K,E,R,S,4.6,164
0,G,G,C,G,G,C,T,T,G,T,L,W,Y,I,K,P,N,E,K,R,3.2,663
0,G,G,C,G,G,C,T,T,G,C,L,W,Y,I,E,K,X,E,K,K,4.2,162
0,G,G,C,G,G,T,T,T,G,C,L,W,Y,I,X,K,K,E,K,X,3.4,170
0,G,G,C,G,G,C,T,T,G,T,L,W,Y,V,K,K,X,E,X,K,5.8,197
0,G,G,C,G,G,C,T,T,G,T,L,W,Y,V,Q,K,K,E,K,K,3,386
0,G,G,C,G,G,C,T,T,G,T,L,W,Y,I,K,K,K,E,K,K,4.3,257
0,G,G,C,G,G,C,T,T,G,T,L,W,Y,I,Q,K,R,E,K,K,4.1,139
0,G,G,C,G,G,C,T,T,G,T,L,W,Y,I,E,K,K,E,K,K,3.2,489
0,G,G,C,G,G,C,T,T,G,T,L,W,Y,I,Q,K,E,E,K,K,4.6,263
0,G,G,C,G,G,C,T,T,G,Y,L,W,Y,I,Q,K,K,E,K,N,3.8,324
0,G,G,C,G,G,C,T,T,G,T,L,W,Y,I,E,K,K,E,K,K,4.2,87
0,G,G,C,G,G,C,T,T,G,T,L,W,Y,I,E,K,K,E,K,K,4.15,306
0,G,G,C,G,G,C,T,T,G,T,L,W,Y,I,E,K,K,E,K,K,4.9,100
0,G,G,C,G,G,C,T,T,G,C,L,W,Y,I,K,K,K,E,K,K,3.1,374
0,G,G,C,G,G,C,T,T,G,T,L,W,Y,V,K,E,K,E,K,K,4.3,59
0,G,G,C,G,G,C,T,T,G,T,L,W,Y,V,K,K,K,E,K,K,5.1,4
0,G,G,C,G,G,C,T,T,G,T,X,W,Y,V,K,X,K,E,K,K,4.1,254
0,G,G,C,G,G,C,T,T,G,T,L,W,Y,V,K,K,K,E,K,K,4.5,362
0,G,G,C,G,G,C,T,T,G,T,L,W,Y,X,Q,K,K,D,K,K,4.7,205
0,G,G,C,G,G,C,T,T,G,T,L,W,Y,V,K,K,K,E,K,K,3.8,56
0,G,G,C,G,G,C,T,T,G,T,L,G,Y,V,K,K,K,E,K,K,3.1,200
0,G,G,C,G,G,C,T,T,G,T,L,X,Y,V,K,K,K,E,K,K,5.3,187
0,G,G,C,G,G,C,T,T,G,T,L,W,Y,I,K,E,X,E,K,K,4,156
0,G,G,C,G,G,C,T,T,G,T,L,W,T,I,E,E,X,E,K,X,5.4,18
0,G,G,C,G,G,C,T,T,G,T,L,W,Y,V,K,K,K,E,K,N,4.5,381
0,G,G,C,G,G,C,T,T,G,T,L,W,Y,X,K,K,K,E,K,X,4.4,148
0,G,G,C,G,G,C,T,T,G,T,L,W,Y,V,K,K,K,E,K,K,3.4,117
0,G,G,C,G,G,C,T,T,G,T,L,W,Y,V,E,E,K,E,K,K,3.6,640
0,G,G,C,G,G,C,T,T,G,T,L,W,Y,V,K,Q,K,E,K,K,3.5,245
0,G,G,C,G,G,C,T,T,G,T,L,W,Y,V,E,X,K,E,K,K,4.8,300
0,G,G,C,G,G,C,T,T,G,T,L,W,Y,V,X,K,K,E,K,T,4.4,133
0,G,G,C,G,G,C,T,T,G,T,L,W,Y,V,X,K,K,X,K,R,3.6,457
0,G,G,C,G,G,C,T,T,G,T,L,W,Y,V,Q,K,K,E,K,K,4.8,139
0,G,G,C,G,G,C,T,T,G,T,L,W,Y,V,K,E,K,E,K,K,5.3,131
0,G,G,C,G,G,C,T,T,G,T,L,W,Y,I,K,E,K,E,K,X,4.7,234
0,G,G,C,G,G,C,T,T,G,T,L,W,X,V,E,E,K,E,Q,K,4.7,128
0,G,G,C,G,G,C,T,T,G,T,L,W,C,V,E,E,K,E,K,R,3.9,409
0,G,G,C,G,G,C,T,T,G,T,L,W,Y,V,K,E,K,X,K,R,4.1,573
0,G,G,C,G,G,C,T,T,G,T,L,W,Y,V,K,E,K,E,K,R,3.7,90
0,G,G,C,G,G,C,T,T,G,T,L,W,Y,V,K,E,K,E,K,K,3.8,396
0,G,G,C,G,G,C,T,T,G,T,L,W,Y,V,K,E,K,E,K,K,3.9,498
0,G,G,C,G,G,C,T,T,G,T,X,W,Y,V,K,X,K,E,K,K,3.9,442
0,G,G,C,G,G,C,T,T,G,Y,L,W,Y,V,K,K,K,E,K,K,3.1,822
0,G,G,C,G,G,C,T,T,G,T,L,W,Y,V,K,K,K,E,K,K,3.8,234
0,G,G,C,G,G,C,T,T,G,T,L,W,Y,V,K,K,K,E,K,K,3,710
0,G,G,C,G,G,C,T,T,G,T,X,W,Y,V,K,K,K,E,K,K,4.3,99
0,G,G,C,G,G,T,T,T,G,T,L,L,Y,V,K,E,K,E,K,K,3.7,213
0,G,G,C,G,G,C,T,T,G,T,L,W,Y,V,K,E,K,E,K,K,3.3,875
0,G,G,C,G,G,C,T,T,G,T,L,W,Y,V,E,E,K,E,K,K,4.6,115
0,G,G,C,G,G,C,T,T,G,T,L,W,Y,V,K,E,K,E,K,K,4.6,289
0,G,G,C,G,G,C,T,T,G,T,L,W,Y,V,K,E,K,E,K,K,4.4,105
0,G,G,C,G,G,C,T,T,G,T,L,L,Y,V,K,E,K,E,K,K,4.4,123
0,G,G,C,G,G,C,T,T,G,T,L,L,Y,V,K,E,K,E,K,K,3.7,150
0,G,G,C,G,G,C,T,T,G,T,L,X,Y,V,K,E,K,E,K,X,3.5,718
0,G,G,C,G,G,C,T,T,G,T,L,X,Y,V,K,E,K,E,K,K,3.4,297
0,G,G,C,G,G,C,T,T,G,T,L,X,Y,V,K,E,K,E,K,K,4.4,105
0,G,G,C,G,G,C,T,T,G,C,L,X,Y,X,K,E,K,E,K,R,5.6,89
0,G,G,C,G,G,C,T,T,G,T,X,X,Y,V,K,K,K,E,K,R,4.7,203
0,G,G,C,G,G,C,T,T,G,T,L,W,Y,X,K,E,K,E,K,R,4,212
0,G,G,C,G,G,C,T,T,G,T,L,W,Y,X,K,E,K,X,K,R,5.5,101
0,G,G,C,G,G,C,T,T,G,T,L,X,Y,V,K,E,K,E,K,X,3.5,192
0,G,G,C,G,G,C,T,T,G,T,L,X,Y,V,K,E,K,E,K,R,5.3,15
0,G,G,C,G,G,C,T,T,G,T,L,X,Y,X,K,E,K,E,K,K,3.7,155
0,G,G,C,G,G,C,T,T,G,T,X,X,X,V,K,E,K,E,K,K,4.3,69
0,G,G,C,G,G,C,T,T,G,T,L,W,Y,V,K,E,K,X,K,K,4.7,178
0,G,G,C,G,G,C,T,T,G,T,L,W,Y,V,K,E,K,X,K,R,4,327
0,G,G,C,G,G,C,T,T,G,T,L,W,Y,I,N,E,K,E,K,X,3.5,105
0,G,G,C,G,G,C,T,T,G,T,L,W,Y,I,K,E,K,D,K,X,3.5,347
0,G,G,C,G,G,C,T,T,G,T,L,W,Y,I,K,E,K,E,K,X,3.9,484
0,G,G,C,G,G,C,T,T,G,T,L,W,Y,I,K,E,K,X,K,X,4,474
0,G,G,C,G,G,C,T,T,G,T,X,W,Y,I,K,E,K,E,K,R,3.8,133
0,G,G,C,G,G,C,T,T,G,T,L,W,Y,V,K,E,K,E,K,R,3.7,256
0,G,G,C,G,G,C,T,T,G,T,L,W,Y,V,X,P,K,E,K,R,4.9,207
0,G,G,C,G,G,C,T,T,G,T,L,W,Y,V,E,X,K,E,K,X,4.1,603
0,G,G,C,G,G,C,T,T,G,T,L,W,Y,V,X,K,K,X,K,R,3.7,548
0,G,G,C,G,G,C,T,T,G,T,L,X,Y,V,K,K,K,E,K,R,4.9,314
0,G,G,C,G,G,C,T,T,G,T,L,X,Y,I,K,K,K,D,K,K,5.1,3
0,G,G,C,G,G,C,T,T,G,T,M,W,Y,V,X,E,K,E,K,R,5.2,234
0,G,G,C,G,G,C,T,T,G,T,L,W,Y,I,Q,E,R,E,K,R,4,331
0,G,G,C,G,G,C,T,T,G,T,X,W,Y,V,K,E,R,E,K,K,5.7,38
0,G,G,C,G,G,C,T,T,G,T,L,W,Y,V,K,E,K,D,K,K,5.1,8
0,G,G,C,G,G,C,T,T,G,T,L,W,X,I,K,E,X,X,K,K,4.7,80
0,G,G,C,G,G,C,T,T,G,T,L,W,Y,V,K,K,K,D,K,K,5.1,380
0,G,G,C,G,G,C,T,T,G,T,L,W,Y,V,K,E,K,E,K,K,3.4,440
0,G,G,C,G,G,C,T,T,G,T,L,W,Y,I,K,E,K,E,K,K,3.6,139
0,G,G,C,G,G,C,T,T,G,Y,X,L,Y,V,K,K,K,E,K,K,3.9,234
0,G,G,C,G,G,C,T,T,G,T,L,X,Y,V,K,Q,K,E,K,X,3.4,555
0,G,G,C,G,G,C,T,T,G,T,L,W,Y,V,Q,K,K,E,K,K,4.9,71
0,G,G,C,G,G,C,T,T,G,T,L,W,Y,I,Q,K,K,E,K,K,4.3,249
0,G,G,C,G,G,C,T,T,G,T,L,W,Y,I,E,K,K,E,K,K,4.7,197
0,G,G,C,G,G,C,T,T,G,Y,L,W,Y,I,E,K,K,D,K,K,4.7,59
0,G,G,C,G,G,C,T,T,G,C,L,W,C,V,E,K,K,E,K,K,4.8,141
0,G,G,C,G,G,C,T,T,G,T,L,W,Y,X,K,K,K,E,K,K,3.4,158
0,G,G,C,G,G,C,T,T,G,T,L,W,Y,V,K,K,K,E,K,K,3.5,298
0,G,G,C,G,G,C,T,T,G,Y,L,F,Y,V,K,K,X,D,K,K,4.6,137
0,G,G,C,G,G,C,T,T,G,Y,L,X,Y,V,K,K,X,E,X,K,4.4,104
0,G,G,C,G,G,C,T,T,G,T,L,W,Y,V,X,K,K,E,K,K,4,451
0,G,G,C,G,G,C,T,T,G,T,L,W,Y,V,X,K,K,E,K,K,5.5,352
0,G,G,C,G,G,C,T,T,G,T,L,W,Y,V,K,K,K,E,K,X,4.4,460
0,G,G,C,G,G,C,T,T,G,T,L,W,Y,X,K,K,K,E,K,R,3.4,252
0,G,G,C,G,G,C,T,T,G,T,L,X,Y,V,K,K,K,E,X,R,5.2,336
0,G,G,C,G,G,C,T,T,G,T,L,W,X,V,K,K,K,E,K,Q,4.2,606
0,G,G,C,G,G,C,T,T,G,T,L,X,Y,V,K,K,K,D,K,Q,4.2,266
0,G,G,C,G,G,C,T,T,G,T,L,W,Y,V,X,K,K,X,K,X,4.4,329
0,G,G,C,G,G,C,T,T,G,T,L,W,Y,X,K,K,K,E,K,K,3.6,281
0,G,G,C,G,G,C,T,T,G,T,L,W,Y,X,X,E,K,X,K,K,4.3,559
0,G,G,C,G,G,C,T,T,G,T,L,W,Y,V,K,K,K,E,K,K,4.1,81
0,G,G,C,G,G,C,T,T,G,T,L,X,Y,V,X,K,K,E,K,K,3.3,320
0,G,G,C,G,G,C,T,T,G,C,M,W,Y,V,X,K,K,E,K,K,4,522
0,G,G,C,G,G,C,T,T,G,T,L,L,Y,V,K,K,K,E,K,K,5.3,88
0,G,G,C,G,G,C,T,T,G,T,L,L,Y,V,K,K,K,E,K,K,5.3,37
0,G,G,C,G,G,C,T,T,G,T,L,L,Y,V,K,K,K,E,K,K,4.9,152
0,G,G,C,G,G,C,T,T,G,T,L,L,Y,I,K,E,K,E,K,R,4.9,189
0,G,G,C,G,G,C,T,T,G,T,L,W,Y,V,K,E,X,E,K,R,3.2,576
0,G,G,C,G,G,C,T,T,G,T,L,L,Y,V,K,K,K,E,K,Q,3.4,284
0,G,G,C,G,G,C,T,T,G,T,L,W,Y,I,K,K,K,E,K,X,4.7,139
0,G,G,C,G,G,C,T,T,G,T,L,-,-,V,K,K,-,E,K,-,4.5,87
0,G,G,C,G,G,C,T,T,G,T,M,W,Y,V,K,K,K,E,K,R,5,39
0,G,G,C,G,G,C,T,T,G,T,L,X,Y,X,K,K,K,E,K,R,4.1,60
0,G,G,C,G,G,C,T,T,G,T,L,L,Y,V,K,K,K,E,K,R,3.5,189
0,G,G,C,G,G,C,T,T,G,T,L,L,Y,V,X,E,K,E,K,R,4.3,281
0,G,G,C,G,G,C,T,T,G,T,L,L,Y,V,X,K,K,E,K,K,4.9,243
0,G,G,C,G,G,C,T,T,G,T,L,W,Y,X,E,P,K,E,K,K,4.3,142
0,G,G,C,G,G,C,T,T,G,T,L,W,Y,V,E,P,K,E,K,K,4.5,285
0,G,G,C,G,G,C,T,T,G,T,L,W,Y,I,E,P,K,E,K,K,4.5,158
0,G,G,C,G,G,C,T,T,G,T,L,W,Y,X,X,P,K,E,K,K,3.2,513
0,G,G,C,G,G,C,T,T,G,T,M,L,T,V,K,P,K,E,R,K,3.9,620
0,G,G,C,G,G,C,T,T,G,T,L,W,Y,V,K,P,E,D,R,K,3.3,428
0,G,G,C,G,G,C,T,T,G,T,L,W,Y,I,Q,K,K,E,K,R,3.9,118
0,G,G,C,G,G,C,T,T,G,T,L,L,Y,I,Q,X,K,D,K,K,4.5,287
0,G,G,C,G,G,C,T,T,G,T,L,L,Y,V,K,E,K,E,K,R,4.1,197
0,G,G,C,G,G,C,T,T,G,T,M,L,T,V,K,E,K,E,K,R,3.4,223
0,G,G,C,G,G,C,T,T,G,T,X,L,Y,V,K,E,K,E,K,R,4.5,102
0,G,G,C,G,G,C,T,T,G,T,L,L,Y,V,K,E,K,E,K,R,3.8,442
0,G,G,C,G,G,C,T,T,G,T,L,L,Y,V,K,E,K,E,X,R,3.8,260
0,G,G,C,G,G,C,T,T,G,T,L,L,Y,V,K,E,K,E,K,R,5,248
0,G,G,C,G,G,C,T,T,G,T,L,L,Y,V,K,E,K,E,K,R,4.5,194
0,G,G,C,G,G,C,T,T,G,T,L,L,Y,V,K,E,K,E,K,R,5.3,139
0,G,G,C,G,G,C,T,T,G,T,L,L,Y,V,N,E,K,E,K,R,4.1,332
0,G,G,C,G,G,C,T,T,G,T,L,W,Y,V,K,K,K,D,K,K,4.4,367
0,G,G,C,G,G,C,T,T,G,T,L,W,Y,V,K,E,K,D,K,K,4.3,110
0,G,G,C,G,G,C,T,T,G,T,L,W,Y,V,K,E,K,D,K,K,5.4,75
0,G,G,C,G,G,C,T,T,G,T,L,W,Y,V,N,E,K,E,K,K,5.3,65
0,G,G,C,G,G,C,T,T,G,T,L,W,Y,V,N,K,K,E,K,K,4.3,140
0,G,G,C,G,G,C,T,T,G,T,L,W,Y,V,X,K,K,E,K,K,3.5,528
0,G,G,C,G,G,C,T,T,G,T,L,W,Y,I,X,K,K,E,K,K,4.2,175
0,G,G,C,G,G,C,T,T,G,T,L,W,Y,I,Q,E,K,E,K,K,4.35,250
0,G,G,C,G,G,C,T,T,G,T,L,W,Y,V,K,K,K,E,K,K,4.6,118
0,G,G,C,G,G,C,T,T,G,T,L,W,Y,I,E,E,X,E,K,R,4.9,154
0,G,G,C,G,G,C,T,T,G,T,L,W,Y,I,E,E,K,D,K,K,4.2,191
0,G,G,C,G,G,C,T,T,G,T,L,W,Y,I,N,K,N,E,K,K,4.6,69
0,G,G,C,G,G,C,T,T,G,T,L,W,Y,V,N,K,X,E,K,K,3.9,314
0,G,G,C,G,G,C,T,T,G,T,L,W,Y,I,K,E,N,D,K,R,4.3,40
0,G,G,C,G,G,C,T,T,G,T,L,W,Y,I,K,K,K,D,K,R,4,387
0,G,G,C,G,G,C,T,T,G,T,L,W,Y,V,K,E,K,E,K,R,4.2,105
0,G,G,C,G,G,C,T,T,G,T,L,W,Y,I,K,E,K,E,K,R,3.9,12
0,G,G,C,G,G,C,T,T,G,T,L,W,Y,V,K,K,K,E,K,A,5.4,56
0,G,G,C,G,G,C,T,T,G,T,L,L,Y,V,K,E,K,E,K,T,4.2,344
0,G,G,C,G,G,C,T,T,G,T,L,L,X,V,K,K,K,E,K,R,4.4,496
0,G,G,C,G,G,C,T,T,G,T,L,L,Y,V,K,K,K,E,K,R,3.8,368
0,G,G,C,G,G,C,T,T,G,T,L,L,Y,V,K,K,K,E,K,K,4.7,219
0,G,G,C,G,G,C,T,T,G,T,L,L,Y,V,K,K,K,E,K,R,4.9,167
0,G,G,C,G,G,C,T,T,G,T,L,L,Y,V,K,E,K,E,K,K,5.1,462
0,G,G,C,G,G,C,T,T,G,T,L,L,T,V,K,E,K,E,K,K,4.6,172
0,G,G,C,G,G,C,T,T,G,T,L,L,Y,V,K,K,K,E,K,K,3.3,248
0,G,G,C,G,G,C,T,T,G,T,L,L,Y,V,K,K,K,E,K,K,3.8,414
0,G,G,C,G,G,C,T,T,G,T,L,L,Y,V,K,E,K,E,K,K,3.7,77
0,G,G,C,G,G,C,T,T,G,T,L,L,Y,V,K,K,K,E,K,K,4,436
0,G,G,C,G,G,C,T,T,G,T,L,L,Y,V,K,K,K,E,K,R,3.5,422
0,G,G,C,G,G,C,T,T,G,T,L,W,Y,V,K,K,K,D,K,T,3.1,454
0,G,G,C,G,G,C,T,T,G,T,L,W,Y,V,K,K,K,E,K,R,5.3,46
0,G,G,C,G,G,C,T,T,G,T,L,W,Y,V,E,P,K,E,K,R,3.4,398
0,G,G,C,G,G,C,T,T,G,T,L,W,Y,V,K,P,K,X,K,R,5.2,402
0,G,G,C,G,G,C,T,T,G,T,L,L,Y,V,K,P,K,E,K,R,4.1,370
0,G,G,C,G,G,C,T,T,G,T,L,L,Y,V,X,P,K,E,K,R,4.3,377
0,G,G,C,G,G,C,T,T,G,T,L,L,Y,V,X,K,K,E,K,R,4.3,345
0,G,G,C,G,G,C,T,T,G,T,L,W,Y,V,X,E,K,E,K,R,5,282
0,G,G,C,G,G,C,T,T,G,T,L,W,Y,V,X,E,K,E,K,X,4.7,328
0,G,G,C,G,G,C,T,T,G,T,L,L,Y,V,X,X,K,E,K,R,4.7,17
0,G,G,C,G,G,C,T,T,G,T,L,L,Y,V,X,K,K,E,K,R,3.2,706
0,G,G,C,G,G,C,T,T,G,T,L,L,Y,V,K,Q,K,E,K,R,4.9,146
0,G,G,C,G,G,C,T,T,G,T,L,L,Y,V,K,K,X,E,K,R,3.5,251
0,G,G,C,G,G,C,T,T,G,T,L,L,Y,V,K,K,K,E,X,K,3.8,131
0,G,G,C,G,G,C,T,T,G,T,M,X,Y,V,K,K,K,E,K,K,4.4,3
0,G,G,C,G,G,C,T,T,G,T,L,X,Y,V,K,K,K,E,K,K,3.8,207
0,G,G,C,G,G,C,T,T,G,T,L,L,E,V,K,K,K,E,K,K,3.6,146
0,G,G,C,G,G,C,T,T,G,T,L,L,Y,V,K,K,K,E,K,K,3.9,60
0,G,G,C,G,G,C,T,T,G,T,L,L,Y,V,K,K,K,E,K,K,4.6,111
0,G,G,C,G,G,C,T,T,G,T,L,L,Y,V,K,K,K,E,K,X,3.8,426
0,G,G,C,G,G,C,T,T,G,T,L,L,Y,V,E,K,K,E,K,S,3.8,225
0,G,G,C,G,G,C,T,T,G,T,M,L,T,V,K,K,K,E,K,G,3.2,272
0,G,G,C,G,G,C,T,T,G,T,L,S,Y,V,K,K,K,D,K,R,4.3,21
0,G,G,C,G,G,C,T,T,G,C,L,L,Y,V,K,E,K,E,K,T,4,520
0,G,G,C,G,G,C,T,T,G,T,L,L,Y,V,K,E,K,E,K,R,4.2,118
0,G,G,C,G,G,C,T,T,G,T,L,L,Y,V,K,K,K,E,K,K,3.4,278
0,G,G,C,G,G,C,T,T,G,T,L,L,Y,V,K,K,K,E,K,R,5.3,225
0,G,G,C,G,G,C,T,T,G,T,L,W,Y,V,K,K,K,E,K,R,6,46
0,G,G,C,G,G,C,T,T,G,C,L,L,X,V,K,K,K,E,K,R,3.5,341
0,G,G,C,G,G,C,T,T,G,C,L,L,X,V,K,K,K,E,K,R,4.35,222
0,G,G,C,G,G,C,T,T,G,C,L,L,Y,V,K,K,K,E,K,R,3.7,522
0,G,G,C,G,G,C,T,T,G,T,L,L,F,V,K,K,K,E,K,R,4,335
0,G,G,C,G,G,C,T,T,G,T,L,L,Y,V,K,K,K,E,K,K,5.2,780
0,G,G,C,G,G,C,T,T,G,T,L,L,Y,V,K,K,K,E,K,K,5,82
0,G,G,C,G,G,C,T,T,G,T,L,L,X,V,K,K,K,E,K,R,4,249
0,G,G,C,G,G,C,T,T,G,T,L,L,Y,I,K,K,K,E,K,R,4.7,178
0,G,G,C,G,G,C,T,T,G,T,L,L,F,V,K,K,K,E,K,R,4.7,102
0,G,G,C,G,G,C,T,T,G,T,L,L,F,V,K,K,K,E,K,R,4.1,229
0,G,G,C,G,G,C,T,T,G,T,L,L,Y,V,K,E,K,E,K,R,2.9,518
0,G,G,C,G,G,C,T,T,G,T,L,L,Y,V,K,E,K,E,K,R,4.2,316
0,G,G,C,G,G,C,T,T,G,T,L,L,Y,V,K,K,K,E,K,R,3.3,540
0,G,G,C,G,G,C,T,T,G,T,L,L,T,V,K,K,K,E,K,X,3.5,660
0,G,G,C,G,G,C,T,T,G,T,L,L,Y,V,K,K,K,E,K,R,4.6,220
0,G,G,C,G,G,C,T,T,G,T,M,L,Y,V,K,K,K,E,K,R,3.5,216
0,G,G,C,G,G,C,T,T,G,T,M,L,X,X,K,K,X,E,R,R,5.2,10
0,G,G,C,G,G,C,T,T,G,T,M,L,T,V,K,K,E,E,R,K,3.8,528
0,G,G,C,G,G,C,T,T,G,T,M,L,T,V,K,K,X,E,R,K,3.7,949
0,G,G,C,G,G,C,T,T,G,T,L,L,F,I,K,E,Q,E,R,R,4,217
0,G,G,C,G,G,C,T,T,G,T,L,L,F,I,K,E,Q,E,R,R,3.4,687
0,G,G,C,G,G,C,T,T,G,T,M,L,I,I,K,E,Q,E,R,R,2.9,379
0,G,G,C,G,G,C,T,T,G,T,L,L,F,I,K,E,Q,E,R,R,3.3,101
0,G,G,C,G,G,C,T,T,G,T,L,L,F,I,K,E,Q,E,R,R,3.6,567
0,G,G,C,G,G,C,T,T,G,T,L,L,S,I,K,E,Q,E,R,R,4.9,67
0,G,G,C,G,G,C,T,T,G,T,M,L,V,I,K,K,Q,E,R,E,4.6,676
0,G,G,C,G,G,C,T,T,G,T,M,L,F,I,K,K,Q,E,R,K,4.7,235
0,G,G,C,G,G,C,T,T,G,T,M,L,F,I,K,X,Q,E,R,K,3.4,339
0,G,G,C,G,G,C,T,T,G,T,M,L,F,I,K,K,Q,E,R,K,3.9,1120
0,G,G,C,G,G,C,T,T,G,T,X,L,X,I,K,K,Q,E,R,R,3.8,375
0,G,G,C,G,G,C,T,T,G,T,M,L,C,I,K,K,X,E,R,K,3.2,279
0,G,G,C,G,G,C,T,T,G,T,M,L,T,I,K,K,Q,E,R,K,4.8,193
0,G,G,C,G,G,C,T,T,G,T,M,L,T,I,K,K,Q,E,R,R,5.6,7
0,G,G,C,G,G,C,T,T,G,T,M,L,Y,I,K,E,Q,E,R,K,4.5,56
0,G,G,C,G,G,C,T,T,G,T,M,L,T,I,K,K,X,E,R,R,3.7,77
0,G,G,C,G,G,C,T,T,G,T,M,L,I,I,K,K,Q,E,R,R,4,82
0,G,G,C,G,G,C,T,T,G,T,M,L,T,V,K,K,Q,E,R,R,4,316
0,G,G,C,G,G,C,T,T,G,T,M,L,T,V,K,K,K,E,R,R,3.7,249
0,G,G,C,G,G,C,T,T,G,T,M,L,T,V,K,E,Q,E,R,K,4.8,150
0,G,G,C,G,G,C,T,T,G,T,M,L,T,V,K,K,Q,E,R,R,4.3,272
0,G,G,C,G,G,C,T,T,G,T,M,L,T,V,K,K,Q,E,R,R,4,1040
0,G,G,C,G,G,C,T,T,G,T,M,L,X,V,K,E,Q,E,R,R,4.5,327
0,G,G,C,G,G,C,T,T,G,T,M,L,X,V,K,E,Q,E,R,T,4.7,80
1,G,G,C,G,G,C,T,T,G,T,M,L,X,V,K,E,Q,E,R,R,4.7,473
1,G,G,C,G,G,C,T,T,G,T,M,L,X,V,K,X,Q,E,R,R,5.5,145
0,G,G,C,G,G,C,T,T,G,T,M,L,T,V,K,E,Q,E,R,K,5.3,14
0,G,G,C,G,G,C,T,T,G,T,M,L,T,V,K,K,Q,E,R,A,3.5,287
1,G,G,C,G,G,C,T,T,G,T,M,L,F,V,K,K,Q,E,R,R,5.1,140
0,G,G,C,G,G,C,T,T,G,T,M,L,X,V,K,K,Q,E,R,R,3.7,401
0,G,G,C,G,G,C,T,T,G,T,M,L,X,I,K,K,Q,E,R,R,5.6,5
0,G,G,C,G,G,C,T,T,G,Y,M,L,T,V,K,K,Q,E,R,R,3.7,374
1,G,G,C,G,G,C,T,T,G,Y,M,L,T,V,K,K,Q,E,R,R,4.5,302
0,G,G,C,G,G,C,T,T,G,T,M,L,T,V,K,P,Q,E,R,R,5.4,11
0,G,G,C,G,G,C,T,T,G,T,M,L,T,V,K,K,Q,E,R,R,4.1,275
1,G,G,C,G,G,C,T,T,G,T,M,L,T,V,K,K,Q,E,R,R,3.6,640
0,G,G,C,G,G,C,T,T,G,T,M,L,T,V,K,K,K,E,R,R,3.6,431
0,G,G,C,G,G,C,T,T,G,T,M,L,T,V,K,K,X,E,R,R,3.9,505
0,G,G,C,G,G,C,T,T,G,T,M,L,Y,V,K,K,X,E,R,K,3.7,478
1,G,G,C,G,G,C,T,T,G,T,M,L,T,V,K,E,Q,E,R,K,4.2,348
0,G,G,C,G,G,C,T,T,G,T,M,L,F,V,K,K,E,E,R,K,4.6,73
0,G,G,C,G,G,C,T,T,G,T,M,L,F,V,K,K,E,E,R,X,4.2,365
1,G,G,C,G,G,C,T,T,G,T,M,L,F,V,K,R,E,E,R,K,5.6,1031
1,G,G,C,G,G,C,T,T,G,C,M,L,F,V,K,K,Q,E,R,K,5.5,7
1,G,G,C,G,G,C,T,T,G,T,M,L,F,V,K,K,Q,E,R,K,4.6,151
1,G,G,C,G,G,C,T,T,G,T,L,L,Y,I,K,K,K,E,R,K,4.7,469
0,G,G,C,G,G,C,T,T,G,T,L,L,Y,V,K,K,K,E,R,K,3.9,144
0,G,G,C,G,G,C,T,T,G,T,M,L,T,V,K,K,X,E,R,K,3.8,421
0,G,G,C,G,G,C,T,T,G,T,M,L,X,V,K,K,X,E,R,K,4.6,187
0,G,G,C,G,G,C,T,T,G,T,M,L,X,V,K,K,X,E,X,K,4.6,106
0,G,G,C,G,G,C,T,T,G,T,M,L,F,V,K,K,Q,E,R,R,3.2,329
0,G,G,C,G,G,C,T,T,G,T,M,L,Y,V,K,K,K,E,R,K,4,257
1,G,G,C,G,G,C,T,T,G,T,M,L,T,V,K,K,Q,E,R,R,5.4,115
1,G,G,C,G,G,C,T,T,G,T,M,L,T,V,K,K,Q,E,R,R,5.9,66
0,G,G,C,G,G,C,T,T,G,T,L,L,F,V,K,E,Q,E,R,R,4.5,115
1,G,G,C,G,G,C,T,T,G,T,M,L,T,V,K,K,Q,E,R,R,4.3,403
0,G,G,C,G,G,C,T,T,G,T,M,L,T,V,K,K,Q,E,R,R,3.9,382
1,G,G,C,G,G,C,T,T,G,T,L,L,F,V,K,K,Q,E,R,R,4.7,67
1,G,G,C,G,G,C,T,T,G,T,X,L,F,V,K,K,Q,E,R,K,5.7,203
0,G,G,C,G,G,C,T,T,G,T,L,L,X,V,K,P,Q,E,R,R,3.55,238
0,G,G,C,G,G,C,T,T,G,T,L,L,X,V,K,K,Q,E,R,K,5.7,3
0,G,G,C,G,G,C,T,T,G,T,L,L,F,V,K,E,Q,E,R,R,4.5,212
0,G,G,C,G,G,C,T,T,G,T,M,L,X,V,K,E,Q,E,R,K,4.6,372
0,G,G,C,G,G,C,T,T,G,T,M,L,T,V,K,K,Q,E,R,R,4.3,583
0,G,G,C,G,G,C,T,T,G,T,M,L,T,V,K,E,Q,E,R,R,4.8,14
0,G,G,C,G,G,C,T,T,G,T,M,L,T,V,K,E,Q,E,R,R,4.3,249
0,G,G,C,G,G,C,T,T,G,T,M,L,Y,V,K,E,Q,E,R,R,3.9,557
0,G,G,C,G,G,C,T,T,G,T,X,L,Y,V,K,K,Q,E,R,K,4,270
0,G,G,C,G,G,C,T,T,G,C,M,L,X,V,K,K,Q,E,R,K,4.9,243
1,G,G,C,G,G,C,T,T,G,T,L,W,Y,V,K,E,E,E,R,X,4.7,315
1,G,G,C,G,G,C,T,T,G,T,L,W,Y,V,K,E,E,E,R,X,4.1,146
0,G,G,C,G,G,C,T,T,G,T,L,W,F,V,K,E,Q,E,R,X,3.7,654
0,G,G,C,G,G,C,T,T,G,T,L,W,Y,V,E,E,Q,D,R,K,5.1,87
1,G,G,C,G,G,C,T,T,G,T,L,W,Y,V,K,E,Q,D,R,K,5.1,242
0,G,G,C,G,G,C,T,T,G,T,L,W,X,I,K,E,Q,D,R,R,5.1,225
1,G,G,C,G,G,C,T,T,G,T,L,L,Y,V,K,E,Q,E,R,R,4.4,33
0,G,G,C,G,G,C,T,T,G,T,L,L,X,V,K,E,Q,E,X,R,5.7,5
0,G,G,C,G,G,C,T,T,G,T,L,L,Y,V,K,E,R,E,K,R,3.6,97
1,G,G,C,G,G,C,T,T,G,T,L,L,Y,V,K,E,R,X,K,R,4.3,221
0,G,G,C,G,G,C,T,T,G,T,M,L,I,V,K,E,Q,E,R,R,3.3,462
0,G,G,C,G,G,C,T,T,G,T,M,L,F,V,K,E,Q,E,R,R,4.6,220
0,G,G,C,G,G,C,T,T,G,T,L,L,F,V,K,E,Q,E,R,R,3.5,501
0,G,G,C,G,G,C,T,T,G,T,L,L,F,V,K,E,Q,E,X,R,3.5,359
1,G,G,C,G,G,C,T,T,G,T,L,L,F,V,K,E,E,E,R,R,5,7
0,G,G,C,G,G,C,T,T,G,T,L,L,Y,V,K,E,Q,E,R,R,4.2,293
1,G,G,C,G,G,C,T,T,G,T,L,W,Y,V,K,E,Q,E,R,K,5.3,7
0,G,G,C,G,G,C,T,T,G,T,L,W,Y,I,Q,E,K,E,K,K,4.8,62
1,G,G,C,G,G,C,T,T,G,T,L,L,Y,V,K,E,Q,E,K,K,4.3,196
1,G,G,C,G,G,C,T,T,G,T,L,L,F,V,K,K,Q,E,K,K,4.6,143
0,G,G,C,G,G,C,T,T,G,T,L,L,F,V,N,K,Q,E,R,K,3.3,364
0,G,G,C,G,G,C,T,T,G,T,M,L,X,V,K,K,Q,E,R,X,3.4,199
1,G,G,C,G,G,C,T,T,G,T,M,L,F,V,X,E,Q,E,R,K,4.6,310
0,G,G,C,G,G,C,T,T,G,T,L,L,F,V,K,K,Q,E,R,K,3.4,465
0,G,G,C,G,G,C,T,T,G,T,L,L,F,V,X,K,Q,E,R,R,3.3,741
0,G,G,C,G,G,C,T,T,G,T,M,L,F,V,K,K,Q,E,R,K,5.1,131
1,G,G,C,G,G,C,T,T,G,T,L,L,F,V,K,K,Q,E,K,R,5.7,90
1,G,G,C,G,G,C,T,T,G,T,L,W,F,V,K,K,Q,X,R,K,4.6,20
0,G,G,C,G,G,C,T,T,G,T,M,L,F,V,K,E,Q,E,R,K,3.7,321
1,G,G,C,G,G,C,T,T,G,Y,M,L,F,V,K,K,Q,E,R,K,4.6,0
0,G,G,C,G,G,C,T,T,G,T,M,L,F,V,K,K,Q,E,R,K,5.1,5
0,G,G,C,G,G,C,T,T,G,T,M,L,F,V,Q,K,Q,E,R,R,5.2,31
1,G,G,C,G,G,C,T,T,G,Y,M,L,F,V,Q,K,Q,E,R,R,4.4,220
0,G,G,C,G,G,C,T,T,G,T,M,L,F,V,K,K,Q,E,R,S,3.7,938
1,G,G,C,G,G,C,T,T,G,T,L,L,Y,V,Q,E,E,E,R,R,4.7,173
0,G,G,C,G,G,C,T,T,G,T,L,L,T,V,K,E,E,E,R,R,4.4,190
0,G,G,C,G,G,C,T,T,G,T,L,L,F,V,K,E,E,E,R,R,3.9,327
0,G,G,C,G,G,C,T,T,G,T,L,L,Y,V,K,K,K,E,R,R,3.6,417
1,G,G,C,G,G,C,T,T,G,T,L,L,Y,V,K,K,K,E,R,K,4,310
1,G,G,C,G,G,C,T,T,G,T,M,L,I,V,K,K,E,E,R,K,4.2,150
0,G,G,C,G,G,C,T,T,G,T,L,L,F,V,K,K,E,E,R,K,3.5,270
0,G,G,C,G,G,C,T,T,G,Y,L,W,Y,I,Q,V,Q,E,R,R,5.6,27
0,G,G,C,G,G,C,T,T,G,T,L,W,Y,I,Q,V,Q,E,R,R,4.2,596
1,G,G,C,G,G,C,T,T,G,T,L,L,X,V,K,K,Q,X,R,R,4.5,344
1,G,G,C,G,G,C,T,T,G,T,M,L,T,V,K,K,Q,E,R,R,5.3,17
1,G,G,C,G,G,C,T,T,G,T,M,L,T,V,K,K,Q,E,R,R,5.5,16
0,G,G,C,G,G,C,T,T,G,T,M,L,T,V,K,K,Q,E,R,R,4.3,45
0,G,G,C,G,G,C,T,T,G,T,M,L,F,V,K,K,Q,E,R,K,3.6,1219
0,G,G,C,G,G,C,T,T,G,T,M,L,F,V,K,K,Q,E,R,K,4,424
0,G,G,C,G,G,C,T,T,G,T,M,L,F,V,K,K,Q,E,X,R,4.3,561
1,G,G,C,G,G,C,T,T,G,T,M,L,T,V,K,K,Q,E,R,R,5.8,95
0,G,G,C,G,G,C,T,T,G,T,M,L,X,V,X,E,Q,E,R,R,3.7,614
1,G,G,C,G,G,C,T,T,G,T,M,L,I,V,K,E,Q,E,R,R,4.6,75
0,G,G,C,G,G,C,T,T,G,T,M,L,I,V,K,P,Q,E,R,R,3.9,202
0,G,G,C,G,G,C,T,T,G,T,L,L,Y,V,K,K,Q,E,R,R,3.6,460
1,G,G,C,G,G,C,T,T,G,T,L,L,Y,V,K,X,Q,E,R,R,4.8,128
0,G,G,A,G,G,C,T,T,G,T,L,L,F,I,K,P,Q,E,R,R,4.4,161
0,G,G,C,G,G,C,T,T,G,T,M,L,X,I,K,E,Q,E,R,R,4.8,25
0,G,G,C,G,G,C,T,T,G,T,L,L,Y,V,K,P,Q,E,R,R,3.8,386
1,G,G,C,G,G,C,T,T,G,T,X,L,X,V,K,P,Q,E,R,R,5.3,195
1,G,G,C,G,G,C,T,T,G,T,M,L,T,V,K,K,Q,E,R,K,5.5,7
0,G,G,C,G,G,C,T,T,G,T,M,L,X,V,K,E,Q,E,X,K,3.3,273
0,G,G,C,G,G,C,T,T,G,T,M,L,T,V,K,K,Q,E,R,K,4.8,184
0,G,G,C,G,G,C,T,T,G,T,M,L,T,V,K,K,Q,E,X,X,4.2,155
0,G,G,C,G,G,C,T,T,G,T,M,L,T,V,K,K,Q,E,X,G,3.6,163
0,G,G,C,G,G,C,T,T,G,T,M,L,T,V,K,P,Q,E,R,K,3,389
0,G,G,C,G,G,C,T,T,G,C,M,L,T,V,K,K,Q,E,R,R,5.2,22
0,G,G,C,G,G,C,T,T,G,T,M,L,T,V,K,K,Q,E,R,R,3.4,314
0,G,G,C,G,G,C,T,T,G,T,M,L,T,V,K,K,Q,E,R,K,4.4,112
0,G,G,C,G,G,C,T,T,G,T,M,L,T,I,K,K,Q,E,R,R,4.2,573
1,G,G,C,G,G,C,T,T,G,T,M,L,T,V,K,K,Q,E,R,R,5.6,256
0,G,G,C,G,G,C,T,T,G,T,M,L,X,V,K,K,Q,E,R,R,3.8,342
0,G,G,C,G,G,C,T,T,G,T,M,L,F,V,K,K,Q,E,R,R,3.1,234
1,G,G,C,G,G,C,T,T,G,T,M,L,T,V,K,K,Q,E,R,R,5.3,87
1,G,G,C,G,G,C,T,T,G,T,M,L,X,V,K,K,Q,E,R,R,4.5,101
0,G,G,C,G,G,C,T,T,G,T,M,L,T,V,K,K,Q,E,R,R,3.8,434
0,G,G,C,G,G,C,T,T,G,T,M,L,T,V,K,K,Q,E,R,R,3.9,627
0,G,G,C,G,G,C,T,T,G,T,M,L,X,V,Q,X,Q,E,R,R,3.5,417
0,G,G,C,G,G,C,T,T,G,T,M,L,X,X,K,E,E,E,R,R,4.2,401
1,G,G,C,G,G,C,T,T,G,T,M,L,X,V,X,K,Q,E,R,R,5.8,90
1,G,G,C,G,G,C,T,T,G,T,L,L,Y,V,Q,K,Q,E,R,R,4.7,943
1,G,G,C,G,G,C,T,T,G,T,M,L,F,V,K,K,Q,E,R,R,5.8,62
1,G,G,C,G,G,C,T,T,G,T,M,L,F,V,K,K,Q,E,R,R,5.2,560
0,G,G,C,G,G,C,T,T,G,T,M,L,Y,V,K,P,Q,E,R,R,4.3,420
0,G,G,C,G,G,C,T,T,G,T,M,L,X,V,K,K,X,E,R,R,3.3,590
0,G,G,C,G,G,C,T,T,G,T,M,L,F,V,K,K,Q,E,R,R,4.5,342
1,G,G,C,G,G,C,T,T,G,T,M,L,T,V,K,K,K,E,R,R,5.2,563
1,G,G,C,G,G,C,T,T,G,T,M,L,I,V,K,K,X,E,R,S,5.3,350
0,G,G,C,G,G,C,T,T,G,T,L,W,Y,I,K,E,N,E,K,K,5.3,197
1,G,G,C,G,G,C,T,T,G,T,L,W,Y,I,K,K,Q,E,R,K,4.4,170
1,G,G,C,G,G,C,T,T,G,T,L,W,Y,V,X,K,E,E,K,K,4.7,439
1,G,G,C,G,G,C,T,T,G,T,L,W,Y,V,K,K,N,D,K,K,4.8,362
0,G,G,C,G,G,C,T,T,G,T,M,L,F,X,K,K,Q,E,R,R,3.2,181
0,G,G,C,G,G,C,T,T,G,T,L,L,F,I,E,K,Q,E,R,K,3.6,362
0,G,G,C,G,G,C,T,T,G,T,L,L,F,V,K,K,Q,E,R,Q,4.4,513
1,G,G,C,G,G,C,T,T,G,T,L,L,F,V,K,K,Q,E,R,K,4.9,207
0,G,G,C,G,G,C,T,T,G,T,L,L,Y,V,K,K,Q,E,K,R,3.6,510
0,G,G,C,G,G,C,T,T,G,T,L,X,X,X,K,K,Q,X,R,X,3.7,330
0,G,G,C,G,G,C,T,T,G,T,L,X,Y,V,K,K,Q,E,R,X,4.9,90
1,G,G,C,G,G,C,T,T,G,T,L,X,Y,X,K,K,Q,E,R,K,5.6,199
1,G,G,C,G,G,C,T,T,G,T,X,L,Y,V,K,K,E,E,R,R,4.9,341
1,G,G,C,G,G,C,T,T,G,T,M,L,Y,V,K,K,E,E,R,R,3.9,180
0,G,G,C,G,G,C,T,T,G,T,M,L,Y,V,K,K,E,E,R,R,4.3,684
0,G,G,C,G,G,C,T,T,G,T,M,L,F,V,K,K,E,E,R,R,4,407
0,G,G,C,G,G,C,T,T,G,T,M,L,F,V,K,E,E,E,R,R,4.3,344
1,G,G,C,G,G,C,T,T,G,T,L,L,F,V,K,K,K,E,K,R,4.3,216
0,G,G,C,G,G,C,T,T,G,T,L,L,F,V,K,E,Q,E,G,R,3.4,389
0,G,G,C,G,G,C,T,T,G,Y,M,L,F,V,K,E,Q,E,R,R,4.7,166
1,G,G,C,G,G,C,T,T,G,T,M,L,F,V,K,E,Q,E,X,Q,4,184
1,G,G,C,G,G,C,T,T,G,T,L,F,Y,V,K,E,E,E,R,R,4,350
0,G,G,C,G,G,C,T,T,G,T,M,L,F,V,K,E,E,E,R,K,3.2,105
1,G,G,C,G,G,C,T,T,G,Y,M,L,T,V,K,X,Q,E,T,K,4.4,98
1,G,G,C,G,G,C,T,T,G,T,L,L,Y,V,K,E,E,E,R,R,4.3,125
0,G,G,C,G,G,C,T,T,G,T,M,X,Y,V,K,E,E,E,R,K,3,597
0,G,G,C,G,G,C,T,T,G,T,L,L,Y,V,K,K,Q,E,R,R,4.9,411
1,G,G,C,G,G,C,T,T,G,T,M,L,Y,V,K,K,Q,E,K,X,4.1,248
0,G,G,C,G,G,C,T,T,G,T,M,L,Y,V,K,K,X,E,X,K,5.5,134
0,G,G,C,G,G,C,T,T,G,T,M,L,X,V,K,E,Q,E,R,R,3.5,354
0,G,G,C,G,G,C,T,T,G,T,M,L,T,V,K,E,Q,E,R,R,4.2,358
0,G,G,C,G,G,C,T,T,G,T,M,L,F,V,K,E,Q,E,R,K,3.8,700
1,G,G,C,G,G,C,T,T,G,T,M,L,X,V,K,E,X,E,R,R,4.15,477
0,G,G,C,G,G,C,T,T,G,T,M,L,X,V,K,E,Q,E,R,R,4.9,104
0,G,G,C,G,G,C,T,T,G,T,M,F,F,V,K,E,E,E,R,K,5.1,51
0,G,G,C,G,G,C,T,T,G,T,M,L,F,V,K,K,Q,E,R,R,4.6,130
0,G,G,C,G,G,C,T,T,G,T,M,L,T,V,K,E,Q,E,R,R,3.7,494
0,G,G,C,G,G,C,T,T,G,T,M,L,Y,V,K,E,K,E,R,K,5.2,97
0,G,G,C,G,G,C,T,T,G,T,M,L,T,V,K,E,K,E,R,K,3.9,711
0,G,G,C,G,G,C,T,T,G,Y,M,L,Y,V,K,K,K,E,R,R,4.2,598
0,G,G,C,G,G,C,T,T,G,T,M,L,T,V,K,E,K,E,R,K,3.8,385
0,G,G,C,G,G,C,T,T,G,T,M,L,T,V,K,E,Q,E,R,K,3.4,301
0,G,G,C,G,G,C,T,T,G,T,M,L,T,V,K,K,K,E,R,K,4,475
0,G,G,C,G,G,C,T,T,G,Y,M,L,T,V,K,X,Q,E,R,K,3.5,275
1,G,G,C,G,G,C,T,T,G,T,M,F,T,V,K,P,Q,E,R,R,3.65,288
0,G,G,C,G,G,C,T,T,G,T,M,L,T,V,K,E,Q,E,R,R,4.1,552
0,G,G,C,G,G,C,T,T,G,T,M,L,T,V,K,K,K,E,R,K,5,182
0,G,G,C,G,G,C,T,T,G,T,M,L,T,V,K,K,K,E,R,R,3.2,295
0,G,G,C,G,G,C,T,T,G,T,M,L,T,V,K,K,X,E,R,R,5.3,147
0,G,G,C,G,G,C,T,T,G,T,M,L,T,V,K,K,K,E,R,X,4.5,221
0,G,G,C,G,G,C,T,T,G,T,L,L,T,V,K,K,K,E,R,R,4,510
1,G,G,C,G,G,C,T,T,G,T,X,L,Y,V,K,K,X,E,X,R,4.4,48
1,G,G,C,G,G,C,T,T,G,T,X,X,Y,V,K,K,K,E,X,K,5.6,149
0,G,G,C,G,G,C,T,T,G,T,M,L,T,V,K,K,K,E,X,R,4.3,620
1,G,G,C,G,G,C,T,T,G,T,X,L,Y,V,K,X,K,E,X,R,4.9,77
0,G,G,C,G,G,C,T,T,G,T,X,L,Y,V,K,K,K,E,K,R,4.7,256
0,G,G,C,G,G,C,T,T,G,T,L,-,-,X,K,K,-,D,K,-,4.4,188
0,G,G,C,G,G,C,T,T,G,T,L,L,Y,X,K,K,E,D,R,R,4.8,197
0,G,G,C,G,G,C,T,T,G,T,L,W,F,X,K,K,K,E,K,R,4.1,429
0,G,G,C,G,G,C,T,T,G,T,L,X,Y,X,K,K,X,X,X,X,4,489
1,G,G,C,G,G,C,T,T,G,T,X,X,X,X,K,E,X,X,X,X,5.3,110
0,G,G,C,G,G,C,T,T,G,T,M,L,Y,V,K,K,X,E,K,R,3.9,629
0,G,G,C,G,G,C,T,T,G,T,X,L,Y,V,K,K,Q,E,K,T,4.3,327
1,G,G,C,G,G,C,T,T,G,T,X,L,Y,V,K,K,K,E,K,R,3.8,399
0,G,G,C,G,G,C,T,T,G,T,M,L,C,V,K,X,E,E,K,R,3,271
0,G,G,C,G,G,C,T,T,G,T,M,L,T,V,K,E,K,E,K,R,3.3,266
0,G,G,C,G,G,C,T,T,G,Y,M,L,T,V,K,E,K,E,K,R,5.3,109
1,G,G,C,G,G,C,T,T,G,Y,M,L,T,V,K,E,K,E,K,R,4.9,73
1,G,G,C,G,G,C,T,T,G,T,L,W,X,V,X,E,K,E,K,R,5.3,159
0,G,G,C,G,G,C,T,T,G,T,L,L,X,V,K,E,K,E,K,R,4.4,435
0,G,G,C,G,G,C,T,T,G,T,M,L,T,V,K,E,K,E,K,R,4.4,454
0,G,G,C,G,G,C,T,T,G,T,M,L,T,V,K,E,K,E,K,R,4.3,247
0,G,G,C,G,G,C,T,T,G,T,M,L,T,V,K,E,K,E,K,R,4,116
0,G,G,C,G,G,C,T,T,G,T,M,L,Y,V,K,K,K,E,X,K,3.9,402
0,G,G,C,G,G,C,T,T,G,T,X,L,Y,V,K,K,K,E,K,K,3.7,605
0,G,G,C,G,G,C,T,T,G,T,X,L,Y,V,K,E,K,E,K,K,3.4,485
0,G,G,C,G,G,C,T,T,G,T,M,F,T,V,K,K,K,E,K,K,4.2,195
1,G,G,C,G,G,C,T,T,G,T,M,L,T,V,K,K,K,E,K,Q,4.1,315
0,G,G,C,G,G,C,T,T,G,T,X,L,T,V,K,P,K,E,X,R,3.8,353
1,G,G,C,G,G,C,T,T,G,T,L,L,Y,V,K,K,K,E,K,R,4.4,247
1,G,G,C,G,G,C,T,T,G,T,M,L,X,V,K,K,K,E,K,R,4.5,451
1,G,G,C,G,G,C,T,T,G,T,M,L,X,V,K,K,K,E,K,R,4.7,18
0,G,G,C,G,G,C,T,T,G,T,M,L,T,V,K,E,K,E,K,R,4.2,114
0,G,G,C,G,G,C,T,T,G,T,M,L,T,V,K,E,K,E,K,R,4.2,274
0,G,G,C,G,G,C,T,T,G,T,M,L,T,V,K,K,K,E,K,R,5,115
0,G,G,C,G,G,C,T,T,G,T,L,W,Y,V,K,E,K,E,K,R,3.9,255
1,G,G,C,G,G,C,T,T,G,T,M,X,Y,V,K,E,K,E,K,R,5.8,657
0,G,G,C,G,G,C,T,T,G,T,L,L,Y,V,K,E,K,E,K,K,3.6,342
0,G,G,C,G,G,C,T,T,G,T,L,L,Y,V,K,E,K,E,K,X,4.7,57
0,G,G,C,G,G,C,T,T,G,T,M,L,T,V,K,E,K,E,K,R,3.4,266
0,G,G,C,G,G,C,T,T,G,T,M,L,T,V,K,E,R,E,G,R,3.45,350
0,G,G,C,G,G,C,T,T,G,T,X,X,F,V,K,E,X,E,R,X,4.1,726
0,G,G,C,G,G,C,T,T,G,T,M,L,T,V,K,E,K,E,K,R,2.95,285
1,G,G,C,G,G,C,T,T,G,T,X,L,X,V,K,E,K,E,K,R,5.2,25
0,G,G,C,G,G,C,T,T,G,T,M,L,T,V,K,E,K,E,K,R,5.1,16
0,G,G,C,G,G,C,T,T,G,T,M,L,T,V,K,E,K,E,K,S,4.7,373
0,G,G,C,G,G,C,T,T,G,T,M,L,T,V,K,E,X,E,R,R,5.8,7
0,G,G,C,G,G,C,T,T,G,T,L,W,Y,V,K,E,K,E,K,R,3.5,265
1,G,G,C,G,G,C,T,T,G,T,M,L,T,V,K,E,K,E,K,R,5,75
0,G,G,C,G,G,C,T,T,G,T,M,L,T,V,K,E,K,E,K,R,3.2,349
1,G,G,C,G,G,C,T,T,G,T,M,L,T,V,K,E,K,E,K,K,5.9,851
1,G,G,C,G,G,C,T,T,G,T,M,L,T,V,K,K,K,E,K,R,5.4,10
0,G,G,C,G,G,C,T,T,G,T,M,L,X,V,K,K,K,E,K,R,4,253
1,G,G,C,G,G,C,T,T,G,T,M,L,Y,V,K,K,K,E,K,R,5,99
1,G,G,C,G,G,C,T,T,G,T,M,L,Y,V,K,E,K,E,K,T,5.2,170
1,G,G,C,G,G,C,T,T,G,T,M,L,T,V,K,E,K,E,K,R,5.7,101
0,G,G,C,G,G,C,T,T,G,T,M,L,T,V,K,E,K,E,K,R,3.8,369
0,G,G,C,G,G,C,T,T,G,T,M,L,Y,V,K,E,K,E,K,R,3.5,751
0,G,G,C,G,G,C,T,T,G,T,M,L,T,V,K,X,K,E,K,K,3.7,878
0,G,G,C,G,G,C,T,T,G,T,M,L,T,V,K,K,K,E,K,K,3.2,151
0,G,G,C,G,G,C,T,T,G,C,M,L,T,V,K,K,K,E,K,K,4.6,169
0,G,G,C,G,G,C,T,T,G,T,M,X,X,V,K,P,K,E,K,K,3.9,231
1,G,G,C,G,G,C,T,T,G,T,X,L,X,V,K,X,K,E,K,R,4.6,13
0,G,G,C,G,G,C,T,T,G,T,M,L,T,V,K,X,K,E,K,R,3.5,780
0,G,G,C,G,G,C,T,T,G,T,M,L,T,V,K,X,K,E,K,K,3.7,506
0,G,G,C,G,G,C,T,T,G,T,M,L,T,V,K,E,K,E,K,S,3.6,184
0,G,G,C,G,G,C,T,T,G,T,M,L,T,V,K,E,K,E,K,K,4.4,137
1,G,G,C,G,G,C,T,T,G,Y,M,L,T,V,K,E,K,E,K,X,5,317
1,G,G,C,G,G,C,T,T,G,T,M,L,X,V,K,K,K,E,K,K,4.6,118
1,G,G,C,G,G,C,T,T,G,Y,L,L,F,V,K,K,K,E,K,K,4.8,266
1,G,G,C,G,G,C,T,T,G,T,L,L,X,V,A,E,K,E,K,K,5.5,41
0,G,G,C,G,G,C,T,T,G,T,L,L,Y,V,A,E,K,E,K,K,4.7,75
1,G,G,C,G,G,C,T,T,G,T,L,L,Y,V,K,K,K,E,K,Q,4.2,316
1,G,G,C,G,G,C,T,T,G,T,L,L,X,V,K,K,K,E,K,Q,4.7,30
0,G,G,C,G,G,C,T,T,G,T,L,L,X,V,K,K,K,E,K,K,4,449
0,G,G,C,G,G,C,T,T,G,T,M,L,F,V,K,X,K,E,K,K,4.9,325
0,G,G,C,G,G,C,T,T,G,Y,M,W,Y,V,K,E,K,E,K,R,3.35,691
0,G,G,C,G,G,C,T,T,G,T,M,F,T,V,K,E,K,E,K,K,3.6,462
1,G,G,C,G,G,C,T,T,G,T,M,L,T,V,K,E,K,E,K,R,5.3,349
0,G,G,C,G,G,C,T,T,G,T,M,L,X,I,K,E,K,E,K,R,5.2,162
1,G,G,C,G,G,C,T,T,G,T,M,L,T,V,K,K,K,E,K,R,4.2,206
0,G,G,C,G,G,C,T,T,G,T,M,L,F,V,K,E,K,E,K,R,3.7,215
0,G,G,C,G,G,C,T,T,G,C,M,L,T,V,K,K,K,E,K,K,5.2,40
1,G,G,C,G,G,C,T,T,G,T,M,L,F,V,K,E,K,E,K,R,4.9,261
1,G,G,C,G,G,C,T,T,G,T,M,L,T,V,K,E,K,E,K,R,3.5,465
0,G,G,C,G,G,C,T,T,G,T,M,L,T,V,K,E,K,E,K,R,3.2,455
0,G,G,C,G,G,C,T,T,G,T,M,L,T,V,K,E,K,E,K,K,3.25,616
0,G,G,C,G,G,C,T,T,G,T,M,L,T,V,K,E,K,E,K,K,3.7,127
1,G,G,C,G,G,C,T,T,G,C,M,L,T,V,K,E,K,E,K,R,5.1,85
1,G,G,C,G,G,C,T,T,G,T,M,L,T,V,K,K,K,E,K,K,5.2,310
0,G,G,C,G,G,C,T,T,G,T,M,L,T,V,K,E,K,E,K,R,4.6,169
0,G,G,C,G,G,C,T,T,G,T,M,L,X,V,K,E,K,E,K,K,4.3,225
1,G,G,C,G,G,C,T,T,G,T,M,L,Y,V,K,E,K,E,K,K,4.3,385
0,G,G,C,G,G,C,T,T,G,T,M,L,Y,V,K,E,K,E,K,R,4.5,226
1,G,G,C,G,G,C,T,T,G,T,L,L,Y,V,K,E,K,E,K,R,5.4,247
0,G,G,C,G,G,C,T,T,G,T,M,L,T,V,K,E,K,E,K,K,3.2,511
1,G,G,C,G,G,C,T,T,G,T,M,L,T,V,K,E,K,E,K,K,5.7,247
0,G,G,C,G,G,C,T,T,G,T,M,L,T,V,K,E,K,E,K,K,4.8,496
0,G,G,C,G,G,C,T,T,G,T,M,L,T,V,K,P,K,E,K,R,3.9,252
1,G,G,C,G,G,C,T,T,G,T,M,L,Y,V,K,K,K,E,K,R,4.3,342
0,G,G,C,G,G,C,T,T,G,T,M,L,T,V,K,E,K,E,K,R,4.9,19
0,G,G,C,G,G,C,T,T,G,T,M,L,T,V,K,E,K,E,K,K,4.7,126
0,G,G,C,G,G,C,T,T,G,C,M,L,F,V,K,Q,K,E,K,S,4,170
1,G,G,C,G,G,C,T,T,G,T,X,L,Y,V,K,P,K,E,K,R,4.9,93
0,G,G,C,G,G,C,T,T,G,T,M,L,T,V,K,K,K,E,K,R,5,200
1,G,G,C,G,G,C,T,T,G,Y,M,L,T,V,K,K,K,E,K,R,4.55,104
1,G,G,C,G,G,C,T,T,G,T,M,L,T,V,K,K,K,E,K,R,5.1,133
0,G,G,C,G,G,C,T,T,G,T,M,L,T,V,K,K,K,E,K,S,3.3,632
0,G,G,C,G,G,C,T,T,G,T,M,L,T,V,K,K,K,E,K,X,4.6,742
0,G,G,C,G,G,C,T,T,G,T,M,L,T,V,K,K,K,E,K,K,3.5,585
0,G,G,C,G,G,C,T,T,G,T,M,L,X,V,K,K,K,E,K,K,3.5,295
0,G,G,C,G,G,C,T,T,G,T,M,X,C,V,K,X,E,E,K,R,3.7,714
1,G,G,C,G,G,C,T,T,G,T,M,L,T,V,K,X,K,E,K,R,3.6,308
1,G,G,C,G,G,C,T,T,G,T,M,L,F,V,K,K,K,E,K,K,4.1,679
1,G,G,C,G,G,C,T,T,G,T,M,L,T,V,K,K,K,E,R,R,4,673
0,G,G,C,G,G,C,T,T,G,T,M,L,T,V,K,K,Q,E,R,K,3.7,405
0,G,G,C,G,G,C,T,T,G,T,M,S,T,V,K,K,K,E,T,R,5.3,294
0,G,G,C,G,G,C,T,T,G,T,M,L,T,V,K,K,K,E,R,R,3.5,287
0,G,G,C,G,G,C,T,T,G,C,M,L,Y,V,K,E,K,E,K,R,3.8,249
0,G,G,C,G,G,C,T,T,G,T,M,L,T,V,K,X,K,E,K,K,4.5,388
0,G,G,C,G,G,C,T,T,G,T,M,L,T,V,K,X,K,E,K,R,3.8,449
0,G,G,C,G,G,C,T,T,G,T,M,X,T,V,K,E,K,E,R,R,3.3,531
0,G,G,C,G,G,C,T,T,G,T,M,L,T,V,R,P,K,E,K,R,3.8,273
0,G,G,C,G,G,C,T,T,G,T,M,L,T,V,K,E,K,E,K,K,5.1,287
0,G,G,C,G,G,C,T,T,G,T,M,L,T,V,K,K,K,E,K,K,3.9,220
1,G,G,C,G,G,C,T,T,G,T,M,L,T,V,K,P,K,E,K,K,5.6,104
0,G,G,C,G,G,C,T,T,G,T,M,L,T,V,K,E,K,E,K,X,4.6,165
0,G,G,C,G,G,C,T,T,G,T,M,L,X,V,K,E,K,E,K,K,5,78
0,G,G,C,G,G,C,T,T,G,T,M,L,Y,V,K,E,K,E,K,K,3.3,447
1,G,G,C,G,G,C,T,T,G,T,M,L,T,V,K,E,K,E,K,K,4.3,359
0,G,G,C,G,G,C,T,T,G,T,M,L,T,V,K,E,K,E,K,R,3.7,554
0,G,G,C,G,G,C,T,T,G,T,M,L,T,V,K,K,K,E,K,R,5.8,32
0,G,G,C,G,G,C,T,T,G,T,M,L,T,V,K,K,K,E,K,K,3.4,346
0,G,G,C,G,G,C,T,T,G,T,M,L,T,V,K,K,K,E,K,R,4.5,177
0,G,G,C,G,G,C,T,T,G,T,M,L,T,V,K,E,K,E,K,Q,4.8,250
0,G,G,C,G,G,C,T,T,G,T,M,L,T,V,K,E,K,E,K,R,4.8,236
0,G,G,C,G,G,C,T,T,G,T,L,L,T,V,K,K,K,E,K,R,4.2,352
1,G,G,C,G,G,C,T,T,G,T,M,L,T,V,K,E,K,E,K,R,5.1,33
1,G,G,C,G,G,C,T,T,G,T,M,L,T,V,K,E,K,E,K,R,5.2,15
0,G,G,C,G,G,C,T,T,G,T,M,L,T,V,K,K,K,E,K,G,4,151
1,G,G,C,G,G,C,T,T,G,C,L,L,Y,V,K,K,K,E,K,K,5.2,31
0,G,G,C,G,G,C,T,T,G,T,M,L,Y,V,K,E,K,E,X,R,4.9,298
1,G,G,C,G,G,C,T,T,G,T,M,L,T,V,K,K,K,E,X,K,5.3,10
1,G,G,C,G,G,C,T,T,G,T,M,W,Y,V,K,X,K,E,K,K,5,12
0,G,G,C,G,G,C,T,T,G,T,M,L,T,V,K,K,K,E,X,K,3.7,161
0,G,G,C,G,G,C,T,T,G,T,M,X,T,V,K,E,K,E,K,K,3.6,212
0,G,G,C,G,G,C,T,T,G,T,M,X,T,X,K,E,K,E,K,K,4.8,200
1,G,G,C,G,G,C,T,T,G,T,L,L,Y,V,X,E,K,E,K,K,4.8,241
0,G,G,C,G,G,C,T,T,G,T,X,L,E,V,K,E,K,E,R,K,4.6,288
1,G,G,C,G,G,C,T,T,G,T,L,L,Y,V,K,E,K,E,K,K,5.8,115
1,G,G,C,G,G,C,T,T,G,T,L,W,F,V,K,E,K,E,K,K,5.4,32
1,G,G,C,G,G,C,T,T,G,T,X,L,F,X,K,E,K,E,K,K,5.4,432
0,G,G,C,G,G,C,T,T,G,T,M,L,T,V,K,E,K,E,K,X,4.3,180
1,G,G,C,G,G,C,T,T,G,T,M,L,X,V,K,K,K,E,K,K,4.5,133
1,G,G,C,G,G,C,T,T,G,T,M,L,T,V,K,K,K,E,K,K,4.9,161
0,G,G,C,G,G,C,T,T,G,T,X,L,X,V,K,X,K,E,X,X,3.8,159
0,G,G,C,G,G,C,T,T,G,T,X,X,X,X,X,K,K,E,X,X,3.8,219
0,G,G,C,G,G,C,T,T,G,T,M,L,X,V,K,P,K,E,X,X,3.6,251
1,G,G,C,G,G,C,T,T,G,T,M,L,T,V,K,K,K,E,K,K,4.8,530
0,G,G,C,G,G,C,T,T,G,T,M,L,T,V,K,K,K,E,K,K,3.9,279
1,G,G,M,G,G,C,T,T,G,T,M,L,T,V,K,K,K,E,K,K,5.5,139
0,G,G,C,G,G,C,T,T,G,T,M,L,T,V,K,K,K,E,K,K,4.2,569
1,G,G,C,G,G,C,T,T,G,T,M,L,T,V,K,K,K,E,K,K,5.4,24
1,G,G,C,G,G,C,T,T,G,T,M,L,T,V,K,K,K,E,K,K,4.9,10
1,G,G,C,G,G,C,T,T,G,T,M,L,T,V,K,K,K,E,K,K,5,134
0,G,G,C,G,G,C,T,T,G,Y,M,L,T,V,K,E,K,E,K,K,3.6,707
0,G,G,C,G,G,C,T,T,G,T,M,L,T,V,K,K,K,E,K,G,4.2,137
0,G,G,C,G,G,C,T,T,G,T,M,L,T,V,K,K,K,E,K,G,5.3,40
1,G,G,C,G,G,C,T,T,G,T,M,L,Y,V,K,K,K,E,K,R,4.9,130
0,G,G,C,G,G,C,T,T,G,T,M,L,T,V,K,K,K,E,K,R,3.4,276
0,G,G,C,G,G,C,T,T,G,T,M,L,T,V,K,K,K,E,K,K,3.1,114
1,G,G,C,G,G,C,T,T,G,C,M,L,T,V,K,K,K,E,K,K,4.9,44
0,G,G,C,G,G,C,T,T,G,T,M,L,T,V,K,K,K,E,K,R,4.5,629
0,G,G,C,G,G,C,T,T,G,T,L,L,T,V,E,K,K,E,K,K,3.3,169
1,G,G,C,G,G,C,T,T,G,T,X,L,T,V,K,K,K,E,S,R,4.7,141
0,G,G,C,G,G,C,T,T,G,T,M,L,T,V,K,K,K,E,K,K,4.1,169
0,G,G,C,G,G,C,T,T,G,C,M,L,T,V,K,K,K,E,K,R,3.7,318
0,G,G,C,G,G,C,T,T,G,T,M,L,T,V,K,E,K,E,K,R,4,256
0,G,G,C,G,G,C,T,T,G,T,M,L,T,V,K,E,K,E,K,R,3.3,578
1,G,G,C,G,G,C,T,T,G,T,M,L,T,V,K,K,K,E,K,K,3.9,167
0,S,G,C,G,G,C,T,T,G,Y,M,L,T,V,K,K,K,E,K,X,4.6,35
0,G,G,C,G,G,C,T,T,G,T,M,L,T,V,K,K,K,E,K,K,3.2,99
0,G,G,C,G,G,C,T,T,G,T,M,L,T,V,K,P,K,E,K,K,4.2,271
0,G,G,C,G,G,C,T,T,G,T,M,L,Y,V,K,K,K,E,K,K,5.8,20
0,G,G,C,G,G,C,T,T,G,T,M,L,T,V,K,K,K,E,K,K,3.6,307
0,G,G,C,G,G,C,T,T,G,C,M,L,T,V,K,K,K,E,K,R,3.9,531
0,G,G,C,G,G,C,T,T,G,T,M,L,T,V,K,K,K,E,K,R,4.2,198
0,G,G,C,G,G,C,T,T,G,T,M,L,Y,V,K,X,K,E,K,R,3.7,118
0,G,G,C,G,G,C,T,T,G,T,M,L,Y,V,K,K,K,E,K,R,5.3,20
1,G,G,C,G,G,C,T,T,G,T,M,L,T,V,K,K,K,E,K,X,4.8,265
0,G,G,C,G,G,C,T,T,G,T,M,L,T,V,K,K,K,E,K,K,3.8,722
0,G,G,C,G,G,C,T,T,G,T,M,L,T,V,K,K,K,E,K,R,3.4,400
0,G,G,C,G,G,C,T,T,G,T,M,L,T,V,K,K,K,E,K,K,4.1,278
1,G,G,C,G,G,C,T,T,G,T,M,L,T,V,K,E,K,E,K,A,4,139
0,G,G,C,G,G,C,T,T,G,T,M,L,T,V,K,E,K,E,K,K,4,790
0,G,G,C,G,G,C,T,T,G,T,M,L,T,V,K,E,E,E,K,R,5.1,436
0,G,G,C,G,G,C,T,T,G,T,M,L,Y,X,K,K,E,E,K,R,3.5,311
1,G,G,C,G,G,C,T,T,G,T,M,L,Y,V,K,E,K,E,K,R,3.85,404
1,G,G,C,G,G,C,T,T,G,T,M,L,T,V,K,E,X,E,G,R,4.9,13
0,G,G,C,G,G,C,T,T,G,T,M,L,T,V,K,E,Q,E,K,R,4.1,140
0,G,G,C,G,G,C,T,T,G,T,M,F,T,V,K,E,K,E,K,K,3.6,654
0,G,G,C,G,G,C,T,T,G,Y,M,L,T,I,K,E,K,E,K,R,3.6,415
0,G,G,C,G,G,C,T,T,G,C,M,L,T,V,K,E,K,E,K,R,4.8,45
0,G,G,C,G,G,C,T,T,G,T,M,L,T,V,K,K,K,E,K,R,4.3,326
0,G,G,C,G,G,C,T,T,G,T,M,L,T,V,K,E,K,E,R,R,2.9,249
0,G,G,C,G,G,C,T,T,G,T,M,L,T,V,K,E,K,E,K,R,5.4,82
0,G,G,C,G,G,C,T,T,G,T,M,L,T,I,K,E,Q,E,R,R,5.8,303
0,G,G,C,G,G,C,T,T,G,T,M,L,T,X,K,P,K,E,K,R,4.7,20
0,G,G,C,G,G,C,T,T,G,T,M,L,T,V,K,E,K,E,K,R,3.9,173
0,G,G,C,G,G,C,T,T,G,T,M,L,T,V,K,E,K,E,K,R,3.9,279
0,G,G,C,G,G,C,T,T,G,T,M,L,T,V,K,E,K,E,K,R,4.1,107
1,G,G,C,G,G,C,T,T,G,T,M,L,T,V,K,K,K,E,K,R,5.2,77
1,G,G,C,G,G,C,T,T,G,T,M,L,T,V,K,K,K,E,K,R,4.4,295
1,G,G,C,G,G,C,T,T,G,T,M,L,T,V,K,K,K,E,K,R,4.5,212
1,G,G,C,G,G,C,T,T,G,T,M,L,T,V,K,X,K,E,K,R,5.45,1589
0,G,G,C,G,G,C,T,T,G,T,M,L,T,V,K,P,K,E,K,R,4.1,255
1,G,G,C,G,G,C,T,T,G,T,M,L,T,V,K,P,K,E,K,R,4.8,115
0,G,G,C,G,G,C,T,T,G,T,M,L,T,V,K,P,K,E,K,R,3.4,521
0,G,G,C,G,G,C,T,T,G,T,M,L,T,V,K,K,K,E,K,R,4.7,246
1,G,G,C,G,G,C,T,T,G,T,M,L,T,V,K,E,K,E,K,R,5.1,368
0,G,G,C,G,G,C,T,T,G,T,M,L,T,V,K,K,K,E,K,R,4.5,89
0,G,G,C,G,G,C,T,T,G,Y,M,L,T,V,K,K,K,E,K,R,4.5,194
1,G,G,C,G,G,C,T,T,G,T,M,L,T,V,K,K,K,E,K,R,5.4,218
0,G,G,C,G,G,C,T,T,G,T,M,L,T,V,K,X,K,E,K,R,5.4,312
0,G,G,C,G,G,C,T,T,G,T,M,L,T,V,K,K,Q,E,R,A,3.6,162
0,G,G,C,G,G,C,T,T,G,T,M,L,T,V,K,K,Q,E,X,A,4.7,84
0,G,G,C,G,G,C,T,T,G,T,M,L,T,V,K,K,K,E,X,A,4.5,100
0,G,G,C,G,G,C,T,T,G,T,M,L,T,V,K,E,K,E,K,A,4,348
0,G,G,C,G,G,C,T,T,G,T,L,L,Y,V,K,K,K,E,K,T,5.3,15
0,G,G,C,G,G,C,T,T,G,T,M,L,T,V,K,K,K,E,R,G,3.9,50
0,G,G,C,G,G,C,T,T,G,T,M,L,T,V,K,K,K,E,K,K,2.8,730
1,G,G,C,G,G,C,T,T,G,C,M,L,T,V,K,K,K,E,K,K,4.3,315
0,G,G,C,G,G,C,T,T,G,T,M,L,T,V,K,K,K,E,K,K,4.1,351
1,G,G,C,G,G,C,T,T,G,T,M,L,T,V,K,E,K,E,K,K,4.3,109
0,G,G,C,G,G,C,T,T,G,T,M,L,T,V,K,E,K,E,K,K,4.6,203
0,G,G,C,G,G,C,T,T,G,T,M,L,T,V,K,E,K,E,K,K,3.8,267
0,G,G,C,G,G,C,T,T,G,T,M,L,T,V,K,E,K,E,K,K,3.2,509
0,G,G,C,G,G,C,T,T,G,T,M,L,X,V,K,E,K,E,K,K,4.7,199
1,G,G,C,G,G,C,T,T,G,T,M,L,T,V,K,K,K,E,K,R,4.7,257
0,G,G,C,G,G,C,T,T,G,T,M,L,T,V,K,K,K,E,K,R,4.1,144
1,G,G,C,G,G,C,T,T,G,T,M,L,T,V,K,K,K,E,K,X,4.6,569
0,G,G,C,G,G,C,T,T,G,T,M,L,T,V,K,K,K,E,K,K,4.8,375
1,G,G,C,G,G,C,T,T,G,T,M,L,T,V,K,K,K,E,K,K,4.8,11
1,G,G,C,G,G,C,T,T,G,T,M,L,T,V,K,E,K,E,K,K,4.6,12
0,G,G,C,G,G,C,T,T,G,T,M,L,F,V,K,K,K,E,K,K,3.9,271
0,G,G,C,G,G,C,T,T,G,C,M,L,F,V,K,K,K,E,X,K,4.2,609
1,G,G,C,G,G,C,T,T,G,T,M,L,T,V,K,K,K,E,X,K,2.9,170
0,G,G,C,G,G,C,T,T,G,T,M,L,T,V,K,K,Q,E,X,K,5.5,249
0,G,G,C,G,G,C,T,T,G,T,M,L,T,V,K,K,K,E,X,K,5,252
0,G,G,C,G,G,C,T,T,G,T,M,L,T,V,K,K,K,E,X,K,4.2,612
0,G,G,C,G,G,C,T,T,G,T,M,L,T,V,K,K,K,E,X,Q,3.6,425
0,G,G,C,G,G,C,T,T,G,T,M,L,T,V,K,K,K,E,R,R,3.2,407
0,G,G,C,G,G,C,T,T,G,T,M,L,T,V,K,K,K,E,R,R,4.2,303
0,G,G,C,G,G,C,T,T,G,T,M,L,T,V,K,K,K,E,K,Q,3.7,114
0,G,G,C,G,G,C,T,T,G,T,M,L,T,V,K,K,K,E,R,R,4.3,219
0,G,G,C,G,G,C,T,T,G,T,M,L,T,V,K,K,K,E,R,K,5,130
1,G,G,C,G,G,C,T,T,G,T,M,L,T,V,K,K,K,E,K,K,4.5,352
0,G,G,C,G,G,C,T,T,G,T,M,L,T,V,K,K,K,E,K,K,4.5,307
1,G,G,C,G,G,C,T,T,G,T,M,L,T,V,K,K,K,E,K,K,4.6,128
1,G,G,C,G,G,C,T,T,G,T,M,L,T,V,K,K,K,E,K,K,5.8,263
0,G,G,C,G,G,C,T,T,G,T,M,L,T,V,K,E,K,E,K,K,5.7,221
1,G,G,C,G,G,C,T,T,G,T,M,L,T,V,K,K,K,E,K,K,5.5,222
1,G,G,C,G,G,C,T,T,G,T,M,L,T,V,K,K,K,E,K,K,4.1,171
0,G,G,C,G,G,C,T,T,G,T,M,W,D,V,K,K,K,E,K,K,3.7,109
0,G,G,C,G,G,C,T,T,G,T,L,W,Y,V,K,E,K,E,K,K,4.2,355
1,G,G,C,G,G,C,T,T,G,T,M,L,T,V,K,K,K,E,K,K,4.7,171
0,G,G,C,G,G,C,T,T,G,T,M,L,T,V,K,K,K,E,K,X,4.4,137
0,G,G,C,G,G,C,T,T,G,T,M,L,T,V,K,K,K,E,K,K,5.1,43
1,G,G,C,G,G,C,T,T,G,T,M,L,T,V,K,K,K,E,K,R,4.8,85
0,G,G,C,G,G,C,T,T,G,T,M,L,T,V,K,K,K,E,K,X,5.2,181
0,G,G,C,G,G,C,T,T,G,T,M,L,T,V,K,K,K,E,K,G,4.3,492
1,G,G,C,G,G,C,T,T,G,T,M,L,T,V,K,K,K,E,K,K,5.1,352
0,G,G,C,G,G,C,T,T,G,T,M,L,T,V,K,K,R,E,K,X,4,479
0,G,G,C,G,G,C,T,T,G,T,L,L,X,V,K,K,K,E,K,X,3.7,458
1,G,G,C,G,G,C,T,T,G,T,L,L,Y,V,K,K,K,E,R,R,4.25,299
0,G,G,C,G,G,C,T,T,G,T,L,L,T,V,K,K,K,E,R,K,3.7,253
0,G,G,C,G,G,C,T,T,G,T,M,L,T,V,K,K,K,E,R,R,3.9,338
0,G,G,C,G,G,C,T,T,G,T,M,L,T,V,K,K,K,E,K,R,3.6,445
0,G,G,C,G,G,C,T,T,G,T,M,L,T,V,K,K,K,E,K,R,2.8,625
1,G,G,C,G,G,C,T,T,G,T,M,L,T,V,K,K,K,E,K,K,4.3,294
0,G,G,C,G,G,C,T,T,G,T,M,L,T,V,K,K,K,E,K,R,4.6,42
1,G,G,C,G,G,C,T,T,G,T,L,L,T,V,K,K,K,E,K,X,5.5,140
0,G,G,C,G,G,C,T,T,G,T,M,L,T,V,K,K,K,E,K,K,3.6,554
1,G,G,C,G,G,C,T,T,G,T,M,L,T,V,K,K,K,E,K,K,4.5,59
0,G,G,C,G,G,C,T,T,G,T,M,L,Y,V,K,K,K,E,K,R,3.3,513
0,G,G,C,G,G,C,T,T,G,T,M,L,T,V,K,Q,K,E,K,K,3.5,339
1,G,G,C,G,G,C,T,T,G,T,M,L,Y,V,K,K,K,E,K,K,4.6,139
0,G,G,C,G,G,C,T,T,G,C,M,L,T,V,K,K,K,E,K,R,4.75,254
0,G,G,C,G,G,C,T,T,G,T,M,L,T,V,K,E,K,E,K,R,3.4,320
0,G,G,C,G,G,C,T,T,G,T,M,L,T,I,K,E,K,E,K,R,4.4,174
0,G,G,C,G,G,C,T,T,G,T,M,L,T,V,K,E,E,E,R,A,3.4,658
0,G,G,C,G,G,C,T,T,G,T,X,L,T,V,K,K,E,E,K,R,3.9,644
1,G,G,C,G,G,C,T,T,G,T,M,L,T,V,K,K,K,E,K,R,5.4,65
0,G,G,C,G,G,C,T,T,G,T,M,L,T,V,K,E,K,E,K,K,3.2,474
0,G,G,C,G,G,C,T,T,G,T,M,L,T,V,K,E,K,E,K,R,3.4,419
0,G,G,C,G,G,C,T,T,G,T,M,L,T,V,K,K,K,E,K,R,4.1,140
1,G,G,C,G,G,C,T,T,G,T,L,L,Y,V,K,K,K,E,K,K,4.1,515
1,G,G,C,G,G,C,T,T,G,T,X,L,X,V,K,K,K,E,K,X,4.3,343
0,G,G,C,G,G,C,T,T,G,T,M,L,T,V,K,K,K,E,K,X,5.6,1
0,G,G,C,G,G,C,T,T,G,T,M,L,T,V,K,K,K,E,K,X,5.9,11
0,G,G,C,G,G,C,T,T,G,T,M,L,X,V,K,K,K,E,X,X,4.5,129
1,G,G,C,G,G,C,T,T,G,T,M,L,T,V,K,K,K,E,K,X,4.8,81
0,G,G,C,G,G,C,T,T,G,T,M,L,X,V,K,K,K,E,K,K,3.6,531
0,G,G,C,G,G,C,T,T,G,T,M,L,T,V,K,K,K,E,K,K,4.5,365
0,G,G,C,G,G,C,T,T,G,T,M,L,T,V,K,K,K,E,K,K,3.6,533
0,G,G,C,G,G,C,T,T,G,Y,M,L,T,V,K,K,K,E,K,X,4.5,486
0,G,G,C,G,G,C,T,T,G,Y,M,L,T,V,K,K,K,E,K,R,4.4,168
0,G,G,C,G,G,C,T,T,G,T,M,L,T,V,X,E,K,E,K,K,3.5,458
0,G,G,C,G,G,C,T,T,G,T,M,L,T,V,K,E,K,E,K,K,4.1,113
0,G,G,C,G,G,C,T,T,G,T,L,L,Y,X,K,K,K,E,K,K,3.7,358
1,G,G,C,G,G,C,T,T,G,T,M,L,T,V,K,K,K,E,K,K,5.8,90
0,G,G,C,G,G,C,T,T,G,T,M,W,T,V,K,P,K,E,K,X,4.6,94
1,G,G,C,G,G,C,T,T,G,T,M,L,T,V,K,K,K,E,K,K,3.9,475
1,G,G,C,G,G,C,T,T,G,T,M,L,T,V,K,K,K,E,K,K,5.6,0
1,G,G,C,G,G,C,T,T,G,T,M,L,T,V,K,K,K,E,K,X,5.4,21
1,G,G,C,G,G,C,T,T,G,C,M,L,T,V,K,K,K,E,K,X,5.3,57
0,G,G,C,G,G,C,T,T,G,T,M,L,T,V,K,K,K,E,K,R,4.4,118
0,G,G,C,G,G,C,T,T,G,T,M,L,T,V,K,K,K,E,K,R,5.3,154
1,G,G,C,G,G,C,T,T,G,T,M,L,T,V,K,K,K,E,K,R,4.8,10
0,G,G,C,G,G,C,T,T,G,T,M,L,T,V,K,E,K,E,K,R,4.4,595
0,G,G,C,G,G,C,T,T,G,T,M,L,T,V,K,K,K,E,K,R,4.2,379
0,G,G,C,G,G,C,T,T,G,Y,M,L,T,V,K,K,K,E,K,R,4,203
0,G,G,C,G,G,C,T,T,G,T,M,L,T,V,K,K,K,E,T,R,4.3,742
0,G,G,C,G,G,C,T,T,G,T,M,L,T,V,K,K,K,E,K,R,4.2,496
1,G,G,M,G,G,C,T,T,G,T,M,L,Y,V,K,K,K,E,K,R,5.2,42
0,G,G,C,G,G,C,T,T,G,T,M,L,T,V,K,K,K,E,K,R,5.7,75
0,G,G,C,G,G,C,T,T,G,T,M,L,T,V,K,K,K,E,K,R,2.9,293
1,G,G,C,G,G,C,T,T,G,T,M,L,T,V,K,K,K,E,K,R,5.7,63
0,G,G,C,G,G,C,T,T,G,T,M,L,T,V,K,K,K,E,K,G,3.5,211
0,G,G,C,G,G,C,T,T,G,T,M,L,T,V,K,K,N,E,K,R,3.6,401
0,G,G,C,G,G,C,T,T,G,T,M,L,Y,V,K,E,K,E,K,R,3.4,558
0,G,G,C,G,G,C,T,T,G,T,M,L,T,V,K,E,K,E,K,R,3.6,336
1,G,G,C,G,G,C,T,T,G,T,M,L,T,X,K,X,K,E,K,R,4.3,199
0,G,G,C,G,G,C,T,T,G,T,M,L,T,V,K,X,K,E,R,R,3.9,214
0,G,G,C,G,G,C,T,T,G,T,M,L,T,V,K,K,K,E,K,R,4.7,159
0,G,G,C,G,G,C,T,T,G,T,M,L,T,V,K,K,K,X,K,R,5.5,142
0,G,G,C,G,G,C,T,T,G,T,M,L,T,V,K,K,K,E,K,R,4.1,181
0,G,G,C,G,G,C,T,T,G,T,M,L,T,V,K,K,K,E,K,R,3.8,658
1,G,G,C,G,G,C,T,T,G,T,M,L,T,V,K,K,K,E,X,R,4.7,622
1,G,G,C,G,G,C,T,T,G,T,M,L,T,V,K,K,K,E,K,R,5,264
1,G,G,C,G,G,C,T,T,G,T,M,L,T,V,K,K,K,E,K,Q,5.4,15
0,G,G,C,G,G,C,T,T,G,T,M,L,T,V,K,K,K,E,K,R,3.3,108
0,G,G,C,G,G,C,T,T,G,T,M,L,Y,V,K,K,K,E,R,E,4.3,163
0,G,G,C,G,G,C,T,T,G,T,M,L,Y,V,K,K,K,E,R,N,5.2,63
1,G,G,C,G,G,C,T,T,G,T,M,L,T,V,K,K,K,E,R,R,5,31
1,G,G,C,G,G,C,T,T,G,T,M,L,T,V,K,K,K,E,R,K,4.3,58
0,G,G,C,G,G,C,T,T,G,T,M,L,T,V,K,K,K,E,R,R,5.1,102
0,G,G,C,G,G,C,T,T,G,T,L,L,Y,V,E,P,K,E,R,R,4.9,242
0,G,G,C,G,G,C,T,T,G,T,M,L,Y,V,K,K,K,E,R,X,4,134
0,G,G,C,G,G,C,T,T,G,T,M,L,F,X,K,K,K,E,R,R,4.1,641
0,G,G,C,G,G,C,T,T,G,T,M,L,F,V,K,K,K,E,R,R,3.6,542
1,G,G,C,G,G,C,T,T,G,T,M,L,F,V,Q,K,Q,E,R,R,4.6,253
0,G,G,C,G,G,C,T,T,G,T,L,L,Y,V,K,K,K,E,R,R,3.9,258
0,G,G,C,G,G,C,T,T,G,T,L,L,Y,V,X,K,K,E,R,R,3.7,262
0,G,G,C,G,G,C,T,T,G,T,M,L,T,V,K,K,K,E,R,R,3.7,113
0,G,G,C,G,G,C,T,T,G,T,M,L,X,V,K,K,K,E,R,R,4.6,169
0,G,G,C,G,G,C,T,T,G,T,M,L,T,V,K,K,Q,E,R,R,4.4,726
0,G,G,C,G,G,C,T,T,G,T,M,L,T,V,K,K,K,X,K,R,3.4,586
0,G,G,C,G,G,C,T,T,G,T,M,L,T,V,K,K,X,E,R,R,4.5,388
0,G,G,C,G,G,C,T,T,G,C,M,L,T,V,K,K,K,E,K,R,3.9,481
0,G,G,C,G,G,C,T,T,G,Y,M,L,T,V,K,K,K,E,R,K,5.3,33
0,G,G,C,G,G,C,T,T,G,T,M,L,T,V,K,K,K,E,R,Q,3.8,288
1,G,G,C,G,G,C,T,T,G,T,M,L,T,V,K,K,K,E,R,R,4.4,342
0,G,G,C,G,G,C,T,T,G,T,M,L,T,V,K,K,K,E,R,R,5.1,50
1,G,G,C,G,G,C,T,T,G,T,M,L,T,V,K,K,K,E,R,R,4.85,228
1,G,G,C,G,G,C,T,T,G,T,M,L,T,V,K,K,K,E,K,K,4.3,193
0,G,G,C,G,G,C,T,T,G,T,M,L,T,V,K,K,K,E,K,K,4.2,344
1,G,G,C,G,G,C,T,T,G,T,M,L,T,V,K,E,K,E,R,R,4.7,428
0,G,G,C,G,G,C,T,T,G,T,M,L,T,V,K,X,K,E,R,R,5.5,152
0,G,G,C,G,G,C,T,T,G,T,M,L,T,V,K,E,K,E,R,R,5,70
1,-,-,-,-,-,-,-,-,-,-,M,L,T,V,K,K,X,E,R,X,4.4,454
0,G,G,C,G,G,C,T,T,G,T,M,L,T,V,K,E,E,E,R,R,4,104
0,G,G,C,G,G,C,T,T,G,T,M,L,T,V,K,K,Q,E,R,A,3.8,195
0,G,G,C,G,G,C,T,T,G,T,M,L,T,V,K,X,K,E,R,R,4.2,223
0,G,G,C,G,G,C,T,T,G,T,M,L,T,V,K,K,K,E,R,K,3.4,132
1,G,G,C,G,G,C,T,T,G,T,M,L,T,V,K,K,K,E,R,K,4.8,453
1,G,G,C,G,G,C,T,T,G,T,M,S,T,V,K,E,K,E,K,K,5.1,186
0,G,G,C,G,G,C,T,T,G,T,M,L,T,V,K,E,X,E,R,R,4.5,61
0,G,G,C,G,G,C,T,T,G,T,M,L,T,V,K,K,K,E,R,K,5.5,438
0,G,G,C,G,G,C,T,T,G,T,M,L,T,V,K,E,Q,E,K,R,3.7,279
0,G,G,C,G,G,C,T,T,G,T,M,L,X,X,K,E,Q,E,K,R,4.1,263
1,G,G,C,G,G,C,T,T,G,T,M,L,T,V,K,E,Q,E,K,R,5.6,5
1,G,G,C,G,G,C,T,T,G,T,M,L,F,V,K,E,Q,E,R,R,4.4,383
0,NA,NA,NA,NA,NA,NA,NA,NA,NA,NA,M,L,T,V,K,K,Q,E,R,R,4.1,227
0,NA,NA,NA,NA,NA,NA,NA,NA,NA,NA,M,L,F,V,K,X,Q,E,K,K,3.2,287
0,NA,NA,NA,NA,NA,NA,NA,NA,NA,NA,M,L,T,V,K,X,K,E,K,R,3,638
1,NA,NA,NA,NA,NA,NA,NA,NA,NA,NA,M,L,T,V,K,K,E,E,R,R,4.5,699
0,NA,NA,NA,NA,NA,NA,NA,NA,NA,NA,M,L,T,V,K,K,Q,E,K,R,2.7,299
1,NA,NA,NA,NA,NA,NA,NA,NA,NA,NA,M,L,X,V,K,R,K,E,K,R,4.55,244
1,NA,NA,NA,NA,NA,NA,NA,NA,NA,NA,M,L,T,V,K,E,K,E,K,Q,4.87,321
0,NA,NA,NA,NA,NA,NA,NA,NA,NA,NA,M,L,T,V,K,E,K,E,R,R,4.7,136
0,NA,NA,NA,NA,NA,NA,NA,NA,NA,NA,M,L,T,V,K,E,K,E,R,R,4.65,431
0,NA,NA,NA,NA,NA,NA,NA,NA,NA,NA,M,L,T,V,K,E,K,E,R,R,4.2,382
0,NA,NA,NA,NA,NA,NA,NA,NA,NA,NA,M,L,T,I,Q,E,K,E,R,R,3.3,721
0,NA,NA,NA,NA,NA,NA,NA,NA,NA,NA,M,L,T,V,K,K,K,E,K,R,3.2,231
0,NA,NA,NA,NA,NA,NA,NA,NA,NA,NA,M,L,T,V,K,K,K,E,K,X,3.15,830
0,NA,NA,NA,NA,NA,NA,NA,NA,NA,NA,M,X,T,V,K,K,K,E,K,R,5.1,641
1,NA,NA,NA,NA,NA,NA,NA,NA,NA,NA,L,L,T,V,K,K,K,E,K,R,5.05,103
0,NA,NA,NA,NA,NA,NA,NA,NA,NA,NA,M,L,T,V,K,K,K,E,K,R,4.3,190
0,NA,NA,NA,NA,NA,NA,NA,NA,NA,NA,M,L,T,V,K,K,K,E,K,R,4.3,373
0,NA,NA,NA,NA,NA,NA,NA,NA,NA,NA,M,L,T,V,K,K,K,E,K,R,4.03,197
1,NA,NA,NA,NA,NA,NA,NA,NA,NA,NA,M,L,T,V,K,K,K,E,K,K,5,335
0,NA,NA,NA,NA,NA,NA,NA,NA,NA,NA,M,L,T,V,K,K,K,E,K,X,3.35,572
0,NA,NA,NA,NA,NA,NA,NA,NA,NA,NA,X,L,X,V,K,K,K,E,K,R,3.3,281
0,NA,NA,NA,NA,NA,NA,NA,NA,NA,NA,X,L,Y,V,K,K,K,E,X,R,4.45,226
1,NA,NA,NA,NA,NA,NA,NA,NA,NA,NA,X,L,T,V,K,K,K,E,X,R,4.25,210
0,NA,NA,NA,NA,NA,NA,NA,NA,NA,NA,M,L,T,V,K,K,K,E,K,R,4.6,353
0,NA,NA,NA,NA,NA,NA,NA,NA,NA,NA,M,L,T,V,K,E,K,E,K,R,4.35,464
1,NA,NA,NA,NA,NA,NA,NA,NA,NA,NA,M,L,T,V,K,K,K,E,K,R,4.75,349
0,NA,NA,NA,NA,NA,NA,NA,NA,NA,NA,M,L,T,V,K,E,K,E,K,K,4.75,274
1,NA,NA,NA,NA,NA,NA,NA,NA,NA,NA,M,L,T,V,K,E,K,E,K,K,4.6,254
0,NA,NA,NA,NA,NA,NA,NA,NA,NA,NA,M,L,T,V,K,K,K,E,K,K,4.3,161
1,NA,NA,NA,NA,NA,NA,NA,NA,NA,NA,M,L,T,V,K,X,K,E,K,K,3.45,472
0,NA,NA,NA,NA,NA,NA,NA,NA,NA,NA,M,L,T,V,K,E,K,E,K,K,3,260
0,NA,NA,NA,NA,NA,NA,NA,NA,NA,NA,M,L,T,V,K,K,K,E,K,K,4.2,381
0,NA,NA,NA,NA,NA,NA,NA,NA,NA,NA,M,L,T,V,K,K,K,E,K,K,4.65,421
0,NA,NA,NA,NA,NA,NA,NA,NA,NA,NA,M,L,T,V,K,K,K,E,K,K,3.1,303
0,NA,NA,NA,NA,NA,NA,NA,NA,NA,NA,M,L,T,V,K,K,K,E,K,K,4.55,219
0,NA,NA,NA,NA,NA,NA,NA,NA,NA,NA,M,L,T,V,K,K,K,E,K,K,3.8,679
0,NA,NA,NA,NA,NA,NA,NA,NA,NA,NA,M,L,T,V,K,K,K,E,K,K,4.65,328
1,NA,NA,NA,NA,NA,NA,NA,NA,NA,NA,M,L,T,V,K,K,K,E,K,K,3.9,286
0,NA,NA,NA,NA,NA,NA,NA,NA,NA,NA,M,L,T,V,K,K,K,E,K,E,4.55,253
1,NA,NA,NA,NA,NA,NA,NA,NA,NA,NA,M,L,T,V,K,K,K,E,K,R,4.5,221
1,NA,NA,NA,NA,NA,NA,NA,NA,NA,NA,M,L,Y,V,K,K,K,E,K,R,3.8,650
0,NA,NA,NA,NA,NA,NA,NA,NA,NA,NA,M,L,T,V,K,K,K,E,K,R,4.7,471
1,NA,NA,NA,NA,NA,NA,NA,NA,NA,NA,M,L,T,V,K,K,K,E,K,R,4.15,471
0,NA,NA,NA,NA,NA,NA,NA,NA,NA,NA,M,L,T,V,K,K,K,E,X,R,3.7,551
1,NA,NA,NA,NA,NA,NA,NA,NA,NA,NA,M,L,T,V,K,K,K,E,K,R,5.05,258
0,NA,NA,NA,NA,NA,NA,NA,NA,NA,NA,M,L,T,V,K,E,K,E,K,R,4.1,215
0,NA,NA,NA,NA,NA,NA,NA,NA,NA,NA,M,L,T,V,K,K,K,E,K,R,3.9,462
0,NA,NA,NA,NA,NA,NA,NA,NA,NA,NA,M,L,T,V,K,K,K,E,K,K,3.95,304
1,NA,NA,NA,NA,NA,NA,NA,NA,NA,NA,M,L,T,V,K,K,K,E,K,R,4.6,355
1,NA,NA,NA,NA,NA,NA,NA,NA,NA,NA,M,L,T,V,K,K,K,E,K,K,5.75,380
1,NA,NA,NA,NA,NA,NA,NA,NA,NA,NA,M,L,T,V,K,K,K,E,K,K,4.75,432
0,NA,NA,NA,NA,NA,NA,NA,NA,NA,NA,M,L,T,V,K,K,K,E,K,K,3.7,192
0,NA,NA,NA,NA,NA,NA,NA,NA,NA,NA,M,L,T,V,K,K,K,E,K,K,3.45,339
0,NA,NA,NA,NA,NA,NA,NA,NA,NA,NA,M,L,T,V,K,K,K,E,K,R,4.5,475
0,NA,NA,NA,NA,NA,NA,NA,NA,NA,NA,M,L,T,V,K,K,K,E,K,R,4.45,201
0,NA,NA,NA,NA,NA,NA,NA,NA,NA,NA,M,L,T,V,K,X,K,E,K,X,3.9,454
0,NA,NA,NA,NA,NA,NA,NA,NA,NA,NA,M,L,T,V,K,K,K,E,K,X,3.5,564
0,NA,NA,NA,NA,NA,NA,NA,NA,NA,NA,L,L,Y,V,K,K,K,E,K,R,3.9,319
0,NA,NA,NA,NA,NA,NA,NA,NA,NA,NA,L,W,Y,V,K,K,E,E,K,N,3,361
0,NA,NA,NA,NA,NA,NA,NA,NA,NA,NA,L,L,F,V,K,K,Q,E,K,R,4.15,301
0,NA,NA,NA,NA,NA,NA,NA,NA,NA,NA,X,L,T,V,K,K,K,E,X,R,3.9,102
0,NA,NA,NA,NA,NA,NA,NA,NA,NA,NA,X,L,T,V,K,K,K,E,K,X,5,245
0,NA,NA,NA,NA,NA,NA,NA,NA,NA,NA,M,W,Y,V,K,X,K,E,K,K,2.7,319
1,NA,NA,NA,NA,NA,NA,NA,NA,NA,NA,L,W,Y,V,K,E,K,E,K,K,4.7,217
0,NA,NA,NA,NA,NA,NA,NA,NA,NA,NA,M,L,T,V,K,K,N,E,K,R,2.9,256
0,NA,NA,NA,NA,NA,NA,NA,NA,NA,NA,L,X,Y,V,K,K,K,E,K,R,3.1,497
0,NA,NA,NA,NA,NA,NA,NA,NA,NA,NA,X,W,Y,V,K,P,K,E,K,R,3.85,218
0,NA,NA,NA,NA,NA,NA,NA,NA,NA,NA,L,L,Y,V,K,K,K,E,K,R,4.5,400
0,NA,NA,NA,NA,NA,NA,NA,NA,NA,NA,X,L,X,V,K,K,K,E,K,R,4.45,629
1,NA,NA,NA,NA,NA,NA,NA,NA,NA,NA,L,X,Y,V,K,E,K,E,K,G,4.7,221
0,NA,NA,NA,NA,NA,NA,NA,NA,NA,NA,M,W,Y,V,K,E,K,E,K,K,4.85,444
0,NA,NA,NA,NA,NA,NA,NA,NA,NA,NA,L,W,Y,V,K,K,K,E,K,R,3.47,594
0,NA,NA,NA,NA,NA,NA,NA,NA,NA,NA,L,X,Y,V,K,K,X,E,K,X,3.15,439
0,NA,NA,NA,NA,NA,NA,NA,NA,NA,NA,X,X,Y,X,K,K,K,X,K,K,2.9,264
0,NA,NA,NA,NA,NA,NA,NA,NA,NA,NA,M,L,T,V,K,K,K,E,K,R,4.15,165
0,NA,NA,NA,NA,NA,NA,NA,NA,NA,NA,L,W,Y,V,K,K,K,E,K,X,3.15,354
0,NA,NA,NA,NA,NA,NA,NA,NA,NA,NA,L,W,Y,V,Q,K,K,E,K,X,5.5,50
0,NA,NA,NA,NA,NA,NA,NA,NA,NA,NA,X,L,Y,V,K,K,K,E,K,R,4.1,369
0,NA,NA,NA,NA,NA,NA,NA,NA,NA,NA,M,X,D,V,K,K,K,E,K,K,3.37,127
0,NA,NA,NA,NA,NA,NA,NA,NA,NA,NA,M,L,Y,V,K,K,K,E,K,X,4.97,570