Resp,PR.28,PR.6,PR.245,PR.212,PR.188,PR.268,PR.160,PR.138,PR.277,PR.225,RT.972,RT.1224,RT.951,RT.1308,RT.942,RT.550,RT.939,RT.1299,RT.1169,RT.1317,VL.t0,CD4.t0
0,C,A,T,C,C,T,A,G,C,A,C,-,G,-,A,A,A,-,-,-,4.3,145
0,C,A,T,T,C,A,A,A,C,A,-,-,-,-,-,G,-,-,-,-,3.6,224
0,C,A,T,C,T,T,A,G,A,A,-,-,-,-,-,G,-,-,-,-,3.2,1017
0,C,A,T,C,C,T,A,G,A,A,C,C,G,A,R,A,A,C,A,T,5.7,206
0,C,A,T,C,C,T,A,G,A,A,-,-,-,-,-,G,-,-,-,-,3.5,572
0,C,A,T,C,C,C,A,G,C,A,-,-,-,-,-,G,-,-,-,-,3.9,239
0,C,A,T,C,C,T,A,G,C,A,-,-,-,-,-,G,-,-,-,-,3.4,221
0,C,A,T,C,C,T,C,G,C,A,-,-,-,-,-,A,-,-,-,-,4.4,384
0,C,A,T,C,A,T,A,G,A,A,-,-,-,-,-,G,-,-,-,-,3.9,309
0,C,A,T,C,C,T,A,G,A,A,-,-,-,-,-,G,-,-,-,-,4.1,184
0,C,A,T,C,T,T,A,G,A,A,-,-,-,-,-,G,-,-,-,-,3.5,497
0,C,A,T,C,C,T,A,G,A,A,Y,C,G,A,A,A,A,C,A,T,5.9,199
0,C,A,T,C,A,T,A,G,A,A,C,Y,G,A,A,A,A,C,G,T,5.1,64
0,C,A,T,C,T,T,A,G,A,A,C,T,A,A,A,A,A,C,G,Y,4.6,247
0,C,A,T,C,C,T,A,G,A,A,-,-,-,-,-,G,-,-,-,-,3,231
0,C,A,T,C,C,T,A,G,A,A,-,-,-,-,-,G,-,-,-,-,3.3,155
0,C,A,C,C,C,T,G,A,A,A,-,-,-,-,-,A,-,-,-,-,4.7,115
0,C,A,T,C,C,T,A,G,A,A,-,-,-,-,-,A,-,-,-,-,4.1,414
0,C,A,T,C,C,T,A,G,A,A,C,M,G,A,A,A,A,C,A,T,5.1,75
0,C,A,T,T,Y,T,A,G,C,A,-,-,-,-,-,G,-,-,-,-,5.2,242
0,C,A,T,C,C,T,A,G,C,A,-,-,-,-,-,A,-,-,-,-,3.3,478
0,C,A,T,T,C,T,A,G,C,A,-,-,-,-,-,G,-,-,-,-,3.4,349
0,C,A,T,C,C,T,A,G,C,R,-,-,-,-,-,A,-,-,-,-,3.5,308
0,C,A,T,M,C,A,A,G,C,A,-,-,-,-,-,G,-,-,-,-,4,325
0,C,A,T,C,T,T,A,G,A,A,C,-,A,-,A,G,A,-,-,-,3.7,316
0,C,A,T,C,C,T,A,G,A,A,-,-,-,-,-,A,-,-,-,-,3.5,117
0,C,A,T,C,Y,T,A,G,A,A,C,C,G,A,A,A,A,C,A,C,5.7,109
0,C,A,T,C,T,T,A,G,A,A,T,-,A,-,G,A,T,-,-,-,3.9,52
0,C,A,T,C,C,T,A,G,M,A,C,C,G,A,A,A,A,C,A,T,4.9,14
0,C,A,T,C,C,T,A,G,C,A,-,-,-,-,-,A,-,-,-,-,5.8,60
0,C,A,T,C,C,T,A,G,A,G,-,-,-,-,-,A,-,-,-,-,3.1,298
0,C,A,T,T,C,A,A,A,C,A,C,-,G,-,A,G,A,-,-,-,4.2,209
0,C,A,T,C,Y,T,A,G,A,C,K,-,C,-,G,A,T,-,-,-,4.4,40
0,C,A,T,C,C,T,A,A,C,A,-,-,-,-,-,G,-,-,-,-,4.9,30
0,C,A,T,C,C,T,A,G,A,A,-,-,-,-,-,G,-,-,-,-,4,376
0,C,A,T,C,T,T,A,G,A,A,-,-,-,-,-,G,-,-,-,-,3.5,342
0,C,A,T,C,C,W,A,A,A,A,-,-,-,-,-,G,-,-,-,-,4.5,134
0,C,A,Y,C,C,T,A,G,M,A,C,-,G,-,A,G,A,-,-,-,3.7,395
0,C,A,T,C,C,T,A,G,A,A,-,-,-,-,-,G,-,-,-,-,3.7,150
0,C,A,T,C,C,T,A,G,A,A,-,-,-,-,-,G,-,-,-,-,4.4,216
0,C,A,T,C,T,T,A,G,A,A,-,-,-,-,-,G,-,-,-,-,3.2,282
0,C,A,T,C,G,T,A,G,A,A,C,T,G,A,A,A,A,C,A,T,4.5,14
0,G,A,C,C,C,A,A,G,A,G,-,-,-,-,-,A,-,-,-,-,4.3,255
0,G,A,C,C,C,T,G,G,A,A,-,-,-,-,-,G,-,-,-,-,4,314
0,G,A,C,C,C,A,G,A,A,T,C,-,G,-,G,A,A,-,-,-,5,195
0,G,A,C,C,C,C,G,A,A,T,C,-,G,-,G,A,A,-,-,-,3.8,538
0,G,A,C,T,C,A,A,C,A,A,-,-,-,-,-,G,-,-,-,-,3.9,378
0,G,A,T,C,A,T,A,G,A,A,C,C,G,A,A,A,A,C,A,T,5.3,13
0,G,A,C,C,C,T,G,G,A,A,-,-,-,-,-,R,-,-,-,-,4.6,337
0,G,A,T,T,C,T,A,G,C,A,-,-,-,-,-,G,-,-,-,-,4.1,271
0,G,A,T,T,C,A,A,A,C,A,-,-,-,-,-,G,-,-,-,-,4,218
0,G,A,C,T,C,T,G,A,C,A,-,-,-,-,-,A,-,-,-,-,4.7,254
0,G,A,T,C,A,T,A,A,C,A,-,-,-,-,-,G,-,-,-,-,4,269
0,G,A,C,T,C,A,A,G,A,A,-,-,G,-,A,G,A,-,-,-,3.9,243
0,G,A,C,C,C,T,A,G,A,A,-,-,-,-,-,G,-,-,-,-,5.2,257
0,G,A,C,C,A,T,G,G,A,A,-,-,-,-,-,G,-,-,-,-,3.1,291
0,G,A,C,C,A,T,G,G,A,A,-,-,-,-,-,G,-,-,-,-,4,157
0,G,A,T,C,C,T,A,G,A,A,-,-,-,-,-,A,-,-,-,-,4.6,317
0,G,A,T,C,C,T,A,G,C,A,-,-,-,-,-,G,-,-,-,-,4.2,298
0,G,A,T,C,C,T,A,G,C,A,-,-,-,-,-,A,-,-,-,-,5.1,21
0,G,A,T,C,T,T,A,G,C,A,-,-,-,-,-,G,-,-,-,-,5.5,192
0,G,A,T,C,C,T,A,G,C,A,-,-,-,-,-,G,-,-,-,-,4.8,241
0,M,A,Y,T,C,T,R,R,M,A,-,-,-,-,-,G,-,-,-,-,4.7,219
0,M,A,C,Y,C,T,G,G,M,A,-,-,-,-,-,A,-,-,-,-,4.5,383
0,M,A,C,T,C,T,A,G,C,A,-,-,-,-,-,G,-,-,-,-,3.6,74
0,M,A,T,C,C,A,A,A,C,G,-,-,-,-,-,A,-,-,-,-,3.5,301
0,M,A,T,C,T,T,A,G,A,A,-,-,-,-,-,G,-,-,-,-,3.3,227
0,M,A,T,C,C,T,A,G,A,A,-,-,-,-,-,A,-,-,-,-,4.2,123
0,R,A,C,T,C,T,A,A,A,A,-,-,-,-,-,A,-,-,-,-,4.4,215
0,R,A,C,T,C,T,A,A,C,A,-,-,-,-,-,A,-,-,-,-,3.3,230
0,S,A,G,T,C,A,G,G,A,A,-,-,-,-,-,G,-,-,-,-,4.8,59
0,S,A,T,C,A,W,A,G,A,R,C,-,G,-,A,G,A,-,-,-,3.6,103
0,T,A,T,C,C,T,A,G,A,A,-,-,-,-,-,A,-,-,-,-,5.6,104
0,T,A,T,T,T,T,A,G,A,A,-,-,-,-,-,G,-,-,-,-,4.5,281
0,T,A,T,C,M,T,A,G,A,A,-,-,-,-,-,A,-,-,-,-,4.6,77
0,T,A,T,C,C,T,A,G,A,A,C,-,G,-,A,G,A,-,-,-,4.2,257
0,T,A,T,C,C,T,A,G,A,G,-,-,-,-,-,G,-,-,-,-,3.7,694
0,T,A,T,C,T,T,A,G,A,A,C,-,C,-,G,G,T,-,-,-,4,230
0,T,A,T,C,C,T,A,G,A,A,-,-,-,-,-,G,-,-,-,-,3.4,88
0,T,A,C,T,C,A,A,A,A,A,C,-,G,-,A,A,A,-,-,-,4.9,86
0,T,A,T,C,C,T,A,G,A,A,-,-,-,-,-,G,-,-,-,-,4,165
0,T,A,C,T,C,A,G,A,C,A,-,-,-,-,-,G,-,-,-,-,4.8,387
0,T,A,T,T,C,A,A,G,A,A,-,-,-,-,-,G,-,-,-,-,4.2,195
0,T,A,T,C,C,Y,G,G,C,A,-,-,-,-,-,G,-,-,-,-,3.5,382
0,T,A,T,C,T,T,A,G,A,A,-,-,-,-,-,G,-,-,-,-,4.8,53
0,T,A,C,C,C,T,G,A,A,A,C,-,A,-,A,G,A,-,-,-,3.5,430
0,T,A,T,C,C,A,G,G,C,A,-,-,-,-,-,A,-,-,-,-,5.6,255
0,T,A,C,C,C,A,G,G,A,A,-,-,-,-,-,A,-,-,-,-,5.8,59
0,T,A,C,T,C,A,G,G,C,A,-,-,-,-,-,G,-,-,-,-,3.3,126
0,T,A,C,T,C,A,G,A,A,A,-,-,-,-,-,A,-,-,-,-,4.6,166
0,T,A,C,T,C,A,G,A,A,A,-,-,-,-,-,G,-,-,-,-,4.3,114
0,T,A,C,T,C,T,A,A,A,A,-,-,-,-,-,A,-,-,-,-,4.1,258
0,W,A,T,T,C,A,A,G,A,A,-,-,-,-,-,G,-,-,-,-,4.4,273
0,Y,A,T,C,T,T,A,G,A,A,C,C,G,G,A,A,A,C,G,T,5.1,128
0,Y,A,T,Y,T,T,A,G,C,A,-,-,-,-,-,G,-,-,-,-,4.3,296
0,Y,A,T,Y,Y,T,A,G,C,A,-,-,-,-,-,G,-,-,-,-,3.8,270
0,Y,A,T,C,G,T,A,R,A,A,-,-,-,-,-,A,-,-,-,-,4,83
0,Y,A,T,T,C,A,A,G,A,A,-,-,-,-,-,G,-,-,-,-,4.1,390
0,G,A,T,C,C,T,A,G,A,A,C,C,G,A,A,A,A,Y,G,T,5.5,81
0,G,A,T,C,C,A,G,R,A,A,-,-,A,-,G,G,T,-,-,-,5.3,40
0,R,A,T,C,Y,T,A,A,A,A,-,-,-,-,-,G,-,-,-,-,5,11
0,C,A,T,C,C,T,A,G,A,R,-,-,-,-,-,G,-,-,-,-,5.4,248
0,C,A,T,C,C,T,A,G,A,A,-,-,-,-,-,G,-,-,-,-,4.7,546
0,A,A,C,C,T,C,G,G,A,A,T,-,G,-,A,A,A,-,-,-,3.4,407
0,A,A,T,C,C,T,A,A,C,A,-,-,-,-,-,A,-,-,-,-,3.3,140
0,A,A,C,T,C,T,A,G,C,A,C,-,G,-,A,G,A,-,-,-,4.4,308
0,A,A,T,T,C,A,A,G,A,A,-,-,-,-,-,G,-,-,-,-,5.4,319
0,C,A,T,C,C,C,A,G,C,A,-,-,-,-,-,G,-,-,-,-,3.55,424
0,C,A,T,C,C,T,A,G,C,A,-,-,-,-,-,A,-,-,-,-,3.6,573
0,C,A,C,T,C,A,G,R,C,K,-,-,-,-,-,G,-,-,-,-,3.7,443
0,C,A,T,C,T,T,A,G,A,R,-,-,-,-,-,A,-,-,-,-,4.2,63
0,C,A,T,C,C,A,A,A,C,A,C,-,A,-,A,G,A,-,-,-,3.4,392
0,C,A,T,C,C,T,A,G,A,A,-,-,A,-,A,G,A,-,-,-,3.8,133
0,C,A,T,C,T,T,A,G,A,A,-,-,-,-,-,G,-,-,-,-,4.6,164
0,C,A,T,C,C,A,A,G,C,A,-,-,-,-,-,G,-,-,-,-,3.2,663
0,G,A,C,C,T,T,A,G,A,A,-,-,A,-,A,G,T,-,-,-,4.2,162
0,G,A,C,C,T,T,A,A,A,A,C,-,A,-,A,A,T,-,-,-,3.4,170
0,M,A,C,C,C,A,G,G,A,A,-,-,-,-,-,G,-,-,-,-,5.8,197
0,R,A,T,C,C,T,A,A,C,A,-,-,-,-,-,R,-,-,-,-,3,386
0,T,A,T,C,C,T,A,G,A,A,-,-,-,-,-,A,-,-,-,-,4.3,257
0,T,A,T,C,C,T,A,G,C,A,-,-,-,-,-,G,-,-,-,-,4.1,139
0,C,A,T,C,T,T,A,G,A,A,C,-,G,-,A,R,A,-,-,-,3.2,489
0,A,A,C,T,C,A,G,A,A,A,C,-,G,-,A,A,A,-,-,-,4.6,263
0,C,A,T,C,C,T,A,G,A,A,-,-,-,-,-,A,-,-,-,-,3.8,324
0,C,A,T,C,T,T,A,G,A,R,C,-,G,-,A,A,A,-,-,-,4.2,87
0,C,A,T,C,C,T,A,G,A,A,-,-,-,-,-,G,-,-,-,-,4.15,306
0,C,A,T,C,C,T,A,G,A,A,-,-,-,-,-,G,-,-,-,-,4.9,100
0,T,A,T,C,T,T,A,G,A,A,C,-,C,-,G,G,T,-,-,-,3.1,374
0,T,A,C,T,C,A,G,G,A,A,-,-,-,-,-,A,-,-,-,-,4.3,59
0,G,A,C,T,C,A,G,G,A,A,-,-,-,-,-,A,-,-,-,-,5.1,4
0,C,A,T,C,C,T,A,G,C,A,-,-,-,-,-,A,-,-,-,-,4.1,254
0,W,A,T,C,C,A,A,G,C,A,-,-,-,-,-,G,-,-,-,-,4.5,362
0,C,A,T,C,C,T,A,G,A,A,-,-,-,-,-,A,-,-,-,-,4.7,205
0,Y,A,T,C,T,T,A,C,A,A,-,-,-,-,-,G,-,-,-,-,3.8,56
0,W,A,C,T,C,A,A,A,C,A,C,-,G,-,A,G,A,-,-,-,3.1,200
0,A,A,T,C,T,W,A,G,C,A,-,-,-,-,-,A,-,-,-,-,5.3,187
0,R,A,T,C,C,T,A,G,A,A,-,-,-,-,-,G,-,-,-,-,4,156
0,A,A,T,C,C,T,A,G,C,A,-,-,-,-,-,A,-,-,-,-,5.4,18
0,C,G,T,C,C,T,A,G,A,A,-,-,-,-,-,G,-,-,-,-,4.5,381
0,C,G,T,C,C,T,A,G,A,A,-,-,-,-,-,A,-,-,-,-,4.4,148
0,C,G,T,C,C,T,A,G,C,R,C,C,G,A,A,A,A,C,A,T,3.4,117
0,C,G,T,C,T,T,A,G,A,A,-,-,-,-,-,G,-,-,-,-,3.6,640
0,C,G,C,C,Y,T,A,G,A,C,C,-,A,-,A,G,A,-,-,-,3.5,245
0,A,G,T,C,T,T,R,A,C,A,-,-,-,-,-,G,-,-,-,-,4.8,300
0,A,G,T,C,C,T,A,A,C,G,-,-,-,-,-,G,-,-,-,-,4.4,133
0,A,G,T,C,T,T,A,G,A,A,-,-,-,-,-,A,-,-,-,-,3.6,457
0,A,G,T,T,C,A,A,G,A,A,-,-,-,-,-,G,-,-,-,-,4.8,139
0,A,G,T,T,C,A,A,A,A,A,C,-,G,-,A,A,A,-,-,-,5.3,131
0,C,G,T,C,C,T,A,G,C,R,-,-,-,-,-,G,-,-,-,-,4.7,234
0,C,G,T,C,T,T,A,G,A,A,A,C,G,A,A,A,A,C,G,T,4.7,128
0,G,G,T,C,C,T,A,G,A,A,-,-,-,-,-,G,-,-,-,-,3.9,409
0,G,G,T,C,T,T,A,G,A,A,C,-,A,-,A,G,A,-,-,-,4.1,573
0,G,G,T,C,C,T,A,G,M,A,-,-,-,-,-,G,-,-,-,-,3.7,90
0,G,G,T,C,C,T,A,A,C,A,-,-,-,-,-,G,-,-,-,-,3.8,396
0,G,G,T,C,T,T,A,G,A,A,C,-,G,-,A,A,A,-,-,-,3.9,498
0,G,G,T,C,T,T,A,G,A,A,C,-,G,-,A,G,A,-,-,-,3.9,442
0,M,G,T,C,C,W,A,G,M,A,T,-,G,-,A,A,A,-,-,-,3.1,822
0,T,G,C,T,C,M,A,A,C,A,C,-,G,-,G,A,A,-,-,-,3.8,234
0,V,G,C,C,C,A,A,G,C,G,-,-,-,-,-,G,-,-,-,-,3,710
0,A,G,T,T,C,T,C,G,A,A,-,-,-,-,-,A,-,-,-,-,4.3,99
0,A,G,C,T,C,T,G,G,A,A,-,-,-,-,-,G,-,-,-,-,3.7,213
0,A,G,C,T,C,T,A,G,C,G,-,-,-,-,-,G,-,-,-,-,3.3,875
0,A,G,C,T,C,T,A,G,C,A,-,-,-,-,-,G,-,-,-,-,4.6,115
0,A,G,C,C,C,T,A,G,C,A,C,-,G,-,A,G,A,-,-,-,4.6,289
0,A,G,T,C,C,A,A,A,C,A,-,-,-,-,-,G,-,-,-,-,4.4,105
0,A,G,T,C,C,A,A,A,C,A,-,-,-,-,-,G,-,-,-,-,4.4,123
0,A,G,C,C,C,A,G,A,C,A,-,-,-,-,-,A,-,-,-,-,3.7,150
0,A,G,T,C,C,T,A,G,C,A,-,-,-,-,-,A,-,-,-,-,3.5,718
0,A,G,T,C,C,W,A,G,C,G,-,-,-,-,-,G,-,-,-,-,3.4,297
0,A,G,C,T,C,A,G,G,A,A,-,-,-,-,-,G,-,-,-,-,4.4,105
0,A,G,T,T,C,A,G,G,C,A,-,-,-,-,-,A,-,-,-,-,5.6,89
0,A,G,C,T,C,A,G,G,A,A,-,-,-,-,-,A,-,-,-,-,4.7,203
0,A,G,T,T,Y,A,A,R,A,A,-,-,-,-,-,A,-,-,-,-,4,212
0,A,G,C,C,C,T,G,G,C,A,-,-,-,-,-,A,-,-,-,-,5.5,101
0,A,G,C,T,C,T,G,G,C,R,-,-,-,-,-,A,-,-,-,-,3.5,192
0,A,G,T,T,C,A,G,A,C,A,-,-,-,-,-,G,-,-,-,-,5.3,15
0,A,G,T,T,C,A,G,G,C,A,-,-,-,-,-,G,-,-,-,-,3.7,155
0,A,G,T,T,C,A,G,G,C,A,-,-,-,-,-,G,-,-,-,-,4.3,69
0,A,G,C,T,C,A,A,A,M,A,-,-,-,-,-,A,-,-,-,-,4.7,178
0,A,G,C,T,C,W,A,A,A,A,-,-,-,-,-,G,-,-,-,-,4,327
0,A,G,C,C,C,A,A,G,C,A,-,-,-,-,-,G,-,-,-,-,3.5,105
0,A,G,T,C,G,T,A,R,M,A,-,-,-,-,-,G,-,-,-,-,3.5,347
0,A,G,T,T,C,A,A,A,A,G,-,-,-,-,-,G,-,-,-,-,3.9,484
0,A,G,C,C,G,T,R,G,A,A,-,-,-,-,-,A,-,-,-,-,4,474
0,A,G,C,C,C,T,A,G,C,A,-,-,-,-,-,G,-,-,-,-,3.8,133
0,A,G,C,C,C,W,G,A,C,A,-,-,-,-,-,G,-,-,-,-,3.7,256
0,A,G,C,T,C,T,G,G,A,A,-,-,-,-,-,G,-,-,-,-,4.9,207
0,A,G,T,C,C,T,G,G,C,A,-,-,-,-,-,G,-,-,-,-,4.1,603
0,A,G,T,C,C,A,A,G,C,A,-,-,-,-,-,G,-,-,-,-,3.7,548
0,A,G,C,T,T,T,M,G,A,A,-,-,-,-,-,G,-,-,-,-,4.9,314
0,A,G,C,T,C,W,A,A,A,A,-,-,-,-,-,G,-,-,-,-,5.1,3
0,A,G,C,T,C,A,G,A,C,A,-,-,-,-,-,A,-,-,-,-,5.2,234
0,A,G,C,T,C,A,G,G,C,A,-,-,-,-,-,A,-,-,-,-,4,331
0,A,G,C,T,A,A,G,A,A,A,-,-,-,-,-,G,-,-,-,-,5.7,38
0,A,G,T,C,C,A,A,A,C,A,-,-,-,-,-,A,-,-,-,-,5.1,8
0,A,G,T,C,M,A,M,A,M,A,-,-,-,-,-,G,-,-,-,-,4.7,80
0,A,G,Y,C,C,A,A,G,C,A,-,-,-,-,-,G,-,-,-,-,5.1,380
0,A,G,T,T,A,A,G,G,C,A,-,-,-,-,-,G,-,-,-,-,3.4,440
0,A,G,T,T,C,A,A,G,C,A,-,-,-,-,-,G,-,-,-,-,3.6,139
0,A,G,T,T,C,A,A,A,A,A,-,-,-,-,-,G,-,-,-,-,3.9,234
0,A,G,T,T,C,A,A,G,C,A,-,-,-,-,-,G,-,-,-,-,3.4,555
0,A,G,C,T,C,A,G,G,A,A,-,-,-,-,-,G,-,-,-,-,4.9,71
0,A,G,C,C,C,T,G,A,A,A,-,-,-,-,-,R,-,-,-,-,4.3,249
0,A,G,C,C,C,T,A,G,C,A,-,-,-,-,-,G,-,-,-,-,4.7,197
0,A,G,C,T,C,T,A,G,C,A,-,-,-,-,-,G,-,-,-,-,4.7,59
0,A,G,T,C,C,A,A,A,C,G,-,-,-,-,-,R,-,-,-,-,4.8,141
0,A,G,T,Y,C,A,C,G,C,A,-,-,-,-,-,G,-,-,-,-,3.4,158
0,A,G,C,C,C,T,G,G,A,A,T,-,G,-,A,A,A,-,-,-,3.5,298
0,A,G,T,C,C,A,A,A,C,G,-,-,-,-,-,R,-,-,-,-,4.6,137
0,A,G,T,C,C,A,A,A,C,G,-,-,-,-,-,A,-,-,-,-,4.4,104
0,A,G,C,C,C,A,A,R,C,A,-,-,-,-,-,G,-,-,-,-,4,451
0,A,G,C,T,C,A,G,A,C,R,-,-,-,-,-,A,-,-,-,-,5.5,352
0,A,G,C,T,C,W,R,G,A,A,-,-,-,-,-,R,-,-,-,-,4.4,460
0,A,G,C,T,C,T,G,G,C,G,-,-,-,-,-,G,-,-,-,-,3.4,252
0,A,G,T,T,C,A,A,G,C,A,-,-,-,-,-,A,-,-,-,-,5.2,336
0,A,G,T,C,T,T,A,G,C,A,-,-,-,-,-,G,-,-,-,-,4.2,606
0,A,G,T,C,A,T,A,G,C,A,G,-,G,-,A,G,A,-,-,-,4.2,266
0,A,G,T,C,C,A,A,A,C,A,-,-,-,-,-,A,-,-,-,-,4.4,329
0,A,G,C,T,C,A,G,G,C,A,-,-,-,-,-,A,-,-,-,-,3.6,281
0,A,G,C,T,C,A,G,G,A,A,-,-,-,-,-,A,-,-,-,-,4.3,559
0,A,G,C,C,C,T,A,G,A,A,-,-,-,-,-,G,-,-,-,-,4.1,81
0,A,G,C,T,C,A,S,G,C,A,C,-,G,-,A,A,A,-,-,-,3.3,320
0,A,G,T,C,C,A,A,G,A,A,-,-,-,-,-,A,-,-,-,-,4,522
0,A,G,T,C,C,A,A,A,A,A,-,-,-,-,-,G,-,-,-,-,5.3,88
0,A,G,T,C,C,A,A,A,C,G,-,-,-,-,-,G,-,-,-,-,5.3,37
0,A,G,T,C,C,A,A,G,A,A,-,-,-,-,-,A,-,-,-,-,4.9,152
0,A,G,T,T,C,T,M,G,C,A,-,-,-,-,-,A,-,-,-,-,4.9,189
0,A,G,T,T,C,A,G,G,C,A,C,-,A,-,A,G,A,-,-,-,3.2,576
0,A,G,C,T,C,T,G,G,A,A,-,-,-,-,-,G,-,-,-,-,3.4,284
0,A,G,T,C,C,T,A,G,C,G,-,-,-,-,-,G,-,-,-,-,4.7,139
0,A,G,T,C,C,T,A,G,C,A,-,-,-,-,-,G,-,-,-,-,4.5,87
0,A,G,T,C,C,T,A,G,A,A,-,-,-,-,-,G,-,-,-,-,5,39
0,A,G,T,C,C,T,A,G,C,A,-,-,-,-,-,G,-,-,-,-,4.1,60
0,A,G,T,C,T,T,A,A,C,G,-,-,-,-,-,A,-,-,-,-,3.5,189
0,A,G,T,C,C,T,A,G,C,A,-,-,-,-,-,A,-,-,-,-,4.3,281
0,A,G,T,C,C,W,A,R,C,A,-,-,-,-,-,G,-,-,-,-,4.9,243
0,A,G,C,T,C,T,G,G,A,A,-,-,-,-,-,G,-,-,-,-,4.3,142
0,A,G,T,C,C,A,A,A,C,A,-,-,-,-,-,G,-,-,-,-,4.5,285
0,A,G,T,T,C,A,A,G,A,A,-,-,-,-,-,A,-,-,-,-,4.5,158
0,A,G,C,C,C,A,G,G,C,A,-,-,-,-,-,G,-,-,-,-,3.2,513
0,A,G,T,C,C,T,A,A,A,A,-,-,-,-,-,A,-,-,-,-,3.9,620
0,A,G,C,T,C,A,G,G,A,A,A,-,G,-,A,G,A,-,-,-,3.3,428
0,A,G,T,C,C,A,A,G,M,A,-,-,-,-,-,G,-,-,-,-,3.9,118
0,A,G,C,T,C,T,S,G,G,A,-,-,-,-,-,A,-,-,-,-,4.5,287
0,A,G,C,C,C,T,G,R,A,A,-,-,-,-,-,A,-,-,-,-,4.1,197
0,A,G,T,T,C,A,A,G,M,A,-,-,-,-,-,G,-,-,-,-,3.4,223
0,A,G,T,C,C,T,A,A,C,A,-,-,-,-,-,G,-,-,-,-,4.5,102
0,A,G,T,T,C,A,A,G,C,A,-,-,-,-,-,G,-,-,-,-,3.8,442
0,A,G,T,Y,C,A,A,A,C,A,-,-,-,-,-,G,-,-,-,-,3.8,260
0,A,G,T,T,C,A,A,G,A,A,-,-,-,-,-,G,-,-,-,-,5,248
0,A,G,C,T,C,T,G,G,C,G,C,-,G,-,A,A,A,-,-,-,4.5,194
0,A,G,T,C,C,T,A,G,C,A,C,C,A,A,A,A,A,C,G,T,5.3,139
0,A,G,C,C,C,T,G,A,C,A,C,-,G,-,A,A,A,-,-,-,4.1,332
0,A,G,C,C,C,A,A,G,C,A,-,-,-,-,-,G,-,-,-,-,4.4,367
0,A,G,C,C,C,T,G,A,A,A,-,-,-,-,-,G,-,-,-,-,4.3,110
0,A,G,C,Y,C,T,G,G,A,A,-,-,-,-,-,G,-,-,-,-,5.4,75
0,A,G,T,C,T,T,A,G,C,A,C,C,G,A,A,A,A,C,A,T,5.3,65
0,A,G,T,T,C,A,A,G,A,A,-,-,-,-,-,G,-,-,-,-,4.3,140
0,A,G,C,C,C,A,G,C,C,A,C,-,G,-,A,A,A,-,-,-,3.5,528
0,A,G,T,C,C,A,A,G,C,A,-,-,-,-,-,G,-,-,-,-,4.2,175
0,A,G,T,C,C,T,A,G,C,A,-,-,-,-,-,A,-,-,-,-,4.35,250
0,A,G,C,T,C,T,G,G,A,A,-,-,-,-,-,A,-,-,-,-,4.6,118
0,A,G,C,T,C,A,A,A,C,G,-,-,-,-,-,A,-,-,-,-,4.9,154
0,A,G,C,T,C,A,A,A,C,G,C,-,R,-,A,A,A,-,-,-,4.2,191
0,A,G,C,T,C,T,G,G,A,A,-,-,-,-,-,G,-,-,-,-,4.6,69
0,A,G,C,C,C,T,G,G,C,A,-,-,-,-,-,G,-,-,-,-,3.9,314
0,A,G,T,C,M,T,A,G,C,A,-,-,-,-,-,G,-,-,-,-,4.3,40
0,A,G,T,C,C,T,A,G,A,A,-,-,-,-,-,G,-,-,-,-,4,387
0,C,G,C,T,C,A,A,A,C,A,-,-,-,-,-,A,-,-,-,-,4.2,105
0,C,G,C,T,C,A,A,A,C,A,-,-,-,-,-,G,-,-,-,-,3.9,12
0,C,G,C,Y,C,A,A,A,C,A,-,-,-,-,-,A,-,-,-,-,5.4,56
0,C,G,T,T,C,T,A,G,C,A,C,-,G,-,A,A,A,-,-,-,4.2,344
0,C,G,T,T,C,T,A,A,C,A,C,-,R,-,A,A,A,-,-,-,4.4,496
0,C,G,T,T,C,T,C,A,C,A,C,-,G,-,A,A,A,-,-,-,3.8,368
0,C,G,T,C,C,A,A,R,A,A,-,-,-,-,-,A,-,-,-,-,4.7,219
0,C,G,T,C,T,T,A,G,A,A,C,-,G,-,A,G,A,-,-,-,4.9,167
0,C,G,T,C,C,T,A,G,T,A,-,-,-,-,-,G,-,-,-,-,5.1,462
0,C,G,C,T,C,A,A,G,C,R,-,-,-,-,-,G,-,-,-,-,4.6,172
0,C,G,T,C,C,A,A,G,A,A,-,-,-,-,-,G,-,-,-,-,3.3,248
0,C,G,T,T,C,A,A,G,A,A,-,-,-,-,-,A,-,-,-,-,3.8,414
0,C,G,T,C,C,T,A,G,A,G,C,-,G,-,A,G,A,-,-,-,3.7,77
0,C,G,T,C,C,T,A,G,A,A,-,-,-,-,-,A,-,-,-,-,4,436
0,C,G,T,C,C,T,A,A,C,A,-,-,-,-,-,G,-,-,-,-,3.5,422
0,C,G,T,C,C,T,A,G,A,A,-,-,-,-,-,R,-,-,-,-,3.1,454
0,C,G,T,C,T,T,A,G,A,A,C,C,G,A,A,A,A,C,G,T,5.3,46
0,C,G,T,C,C,T,A,G,A,A,-,-,-,-,-,G,-,-,-,-,3.4,398
0,C,G,T,C,C,T,A,G,A,A,-,-,-,-,-,A,-,-,-,-,5.2,402
0,C,G,T,C,C,A,A,G,C,A,-,-,-,-,-,A,-,-,-,-,4.1,370
0,C,G,T,C,C,T,A,G,A,A,-,-,-,-,-,G,-,-,-,-,4.3,377
0,C,G,T,C,C,T,A,G,C,A,-,-,-,-,-,A,-,-,-,-,4.3,345
0,C,G,T,C,G,T,A,G,A,A,-,-,-,-,-,A,-,-,-,-,5,282
0,C,G,T,C,C,T,A,R,C,A,-,-,-,-,-,G,-,-,-,-,4.7,328
0,C,G,T,C,C,T,A,G,A,A,-,-,-,-,-,G,-,-,-,-,4.7,17
0,C,G,T,C,C,T,A,G,A,A,C,-,G,-,A,G,A,-,-,-,3.2,706
0,C,G,T,C,C,T,A,G,C,A,C,C,G,A,A,A,A,C,A,T,4.9,146
0,C,G,T,C,C,A,A,G,C,A,C,-,T,-,A,A,A,-,-,-,3.5,251
0,C,G,T,C,C,T,A,G,A,A,-,-,-,-,-,G,-,-,-,-,3.8,131
0,C,G,T,C,C,A,A,G,C,A,-,-,-,-,-,A,-,-,-,-,4.4,3
0,C,G,T,C,C,T,A,G,C,A,-,-,-,-,-,G,-,-,-,-,3.8,207
0,C,G,T,C,C,T,A,G,A,A,C,-,G,-,A,A,A,-,-,-,3.6,146
0,C,G,T,C,T,T,A,G,A,A,C,C,G,G,A,A,A,C,A,C,3.9,60
0,C,G,C,C,T,T,G,G,A,A,-,-,-,-,-,G,-,-,-,-,4.6,111
0,C,G,T,C,C,T,A,G,C,A,-,-,-,-,-,G,-,-,-,-,3.8,426
0,C,G,T,C,C,T,A,G,C,A,-,-,-,-,-,G,-,-,-,-,3.8,225
0,C,G,C,Y,T,T,R,G,A,A,-,-,-,-,-,G,-,-,-,-,3.2,272
0,C,G,T,C,T,T,A,G,M,R,C,C,G,A,A,A,A,C,A,T,4.3,21
0,C,G,T,C,C,T,A,G,C,A,-,-,-,-,-,G,-,-,-,-,4,520
0,C,G,T,T,C,W,A,G,C,A,-,-,-,-,-,G,-,-,-,-,4.2,118
0,C,G,T,C,T,T,A,G,A,A,-,-,-,-,-,G,-,-,-,-,3.4,278
0,C,G,T,T,C,A,A,G,C,A,-,-,-,-,-,G,-,-,-,-,5.3,225
0,C,G,T,C,C,T,A,G,C,A,T,-,G,-,G,G,A,-,-,-,6,46
0,C,G,T,C,T,T,A,G,A,A,C,-,G,-,A,G,A,-,-,-,3.5,341
0,C,G,T,C,Y,T,A,G,A,A,-,-,-,-,-,G,-,-,-,-,4.35,222
0,C,G,T,C,C,T,A,R,A,A,-,-,-,-,-,G,-,-,-,-,3.7,522
0,C,G,T,C,C,T,A,G,C,A,-,-,-,-,-,G,-,-,-,-,4,335
0,C,G,T,C,C,T,A,G,A,A,-,-,-,-,-,G,-,-,-,-,5.2,780
0,C,G,T,C,C,T,A,G,C,A,-,-,-,-,-,G,-,-,-,-,5,82
0,C,G,T,C,C,T,A,G,C,A,-,-,-,-,-,G,-,-,-,-,4,249
0,C,G,T,Y,Y,T,A,G,A,A,-,-,-,-,-,G,-,-,-,-,4.7,178
0,C,G,C,T,C,T,A,A,C,A,-,-,-,-,-,G,-,-,-,-,4.7,102
0,C,G,C,C,C,T,A,A,C,A,-,-,-,-,-,G,-,-,-,-,4.1,229
0,C,G,T,C,C,T,A,G,A,A,-,-,-,-,-,G,-,-,-,-,2.9,518
0,C,G,T,C,C,T,A,G,A,A,-,-,-,-,-,A,-,-,-,-,4.2,316
0,C,G,T,C,C,T,A,G,A,A,-,-,G,-,A,G,A,-,-,-,3.3,540
0,C,G,T,C,C,T,A,G,C,A,-,-,-,-,-,G,-,-,-,-,3.5,660
0,C,G,T,T,C,A,A,G,C,A,C,-,G,-,A,A,A,-,-,-,4.6,220
0,C,G,T,C,Y,T,A,G,C,A,-,-,-,-,-,G,-,-,-,-,3.5,216
0,C,G,T,C,C,T,A,G,A,A,Y,C,G,A,A,A,A,C,G,T,5.2,10
0,C,G,T,C,C,T,A,A,A,A,-,-,-,-,-,G,-,-,-,-,3.8,528
0,C,G,T,C,C,T,A,G,A,A,-,-,-,-,-,G,-,-,-,-,3.7,949
0,C,G,T,C,C,T,A,G,C,G,-,-,-,-,-,A,-,-,-,-,4,217
0,C,G,T,C,T,T,A,G,A,A,-,-,-,-,-,A,-,-,-,-,3.4,687
0,C,G,T,C,T,T,A,G,A,A,-,-,-,-,-,G,-,-,-,-,2.9,379
0,C,G,C,Y,C,T,G,G,C,G,-,-,-,-,-,G,-,-,-,-,3.3,101
0,C,G,T,C,C,T,A,G,A,A,-,-,-,-,-,A,-,-,-,-,3.6,567
0,C,G,C,C,C,T,A,G,A,A,-,-,-,-,-,G,-,-,-,-,4.9,67
0,C,G,T,C,Y,T,A,G,A,G,-,-,-,-,-,G,-,-,-,-,4.6,676
0,C,G,T,C,C,T,A,G,C,A,-,-,-,-,-,R,-,-,-,-,4.7,235
0,C,G,T,C,C,T,A,G,A,G,-,-,-,-,-,G,-,-,-,-,3.4,339
0,C,G,T,C,C,T,A,G,A,A,-,-,-,-,-,A,-,-,-,-,3.9,1120
0,C,G,C,C,T,T,A,G,A,A,-,-,-,-,-,G,-,-,-,-,3.8,375
0,C,G,T,C,T,T,A,G,A,A,-,-,-,-,-,G,-,-,-,-,3.2,279
0,C,G,T,C,C,T,A,G,C,R,-,-,G,-,A,A,A,-,-,-,4.8,193
0,C,G,T,C,C,T,A,G,A,A,C,C,K,A,A,A,A,C,A,T,5.6,7
0,C,G,T,C,C,T,A,G,C,A,-,-,-,-,-,G,-,-,-,-,4.5,56
0,C,G,T,C,C,T,A,G,A,A,-,-,-,-,-,G,-,-,-,-,3.7,77
0,C,G,T,C,C,T,A,G,A,A,-,-,-,-,-,A,-,-,-,-,4,82
0,C,G,T,C,C,W,A,G,A,A,-,-,-,-,-,G,-,-,-,-,4,316
0,C,G,T,C,T,T,A,G,A,A,T,-,G,-,A,G,A,-,-,-,3.7,249
0,C,G,T,C,C,T,A,G,A,A,C,C,G,A,A,A,A,C,A,T,4.8,150
0,C,G,T,C,C,T,A,G,A,A,-,-,-,-,-,G,-,-,-,-,4.3,272
0,C,G,T,C,C,T,A,G,C,A,-,-,-,-,-,G,-,-,-,-,4,1040
0,C,G,T,C,C,T,A,G,A,A,A,-,G,-,A,G,A,-,-,-,4.5,327
0,C,G,T,C,C,T,A,G,A,A,C,C,G,A,A,A,A,C,G,T,4.7,80
1,C,G,T,C,C,T,A,G,C,A,-,-,-,-,-,A,-,-,-,-,4.7,473
1,C,G,T,C,C,T,A,G,C,A,C,C,G,A,G,A,A,C,G,T,5.5,145
0,C,G,T,C,C,T,A,G,A,A,C,C,G,A,A,A,A,C,G,T,5.3,14
0,C,G,T,C,C,T,A,G,C,A,-,-,-,-,-,G,-,-,-,-,3.5,287
1,C,G,T,C,C,T,A,G,A,R,C,C,G,A,A,A,A,C,G,Y,5.1,140
0,C,G,T,C,C,T,A,G,A,A,-,-,-,-,-,A,-,-,-,-,3.7,401
0,C,G,T,C,C,T,A,G,A,A,-,-,-,-,-,A,-,-,-,-,5.6,5
0,C,G,T,C,C,T,A,G,C,A,-,-,-,-,-,A,-,-,-,-,3.7,374
1,C,G,T,C,T,T,A,G,A,A,-,-,-,-,-,A,-,-,-,-,4.5,302
0,C,G,T,C,C,T,A,G,A,R,C,C,G,A,A,A,A,T,G,T,5.4,11
0,C,G,T,C,T,T,A,G,A,A,-,-,-,-,-,G,-,-,-,-,4.1,275
1,C,G,T,C,T,T,A,G,A,A,-,-,-,-,-,A,-,-,-,-,3.6,640
0,C,G,T,C,C,T,A,G,C,A,-,-,-,-,-,G,-,-,-,-,3.6,431
0,C,G,T,C,C,T,A,G,C,A,-,-,-,-,-,A,-,-,-,-,3.9,505
0,C,G,T,C,C,T,A,G,A,G,-,-,-,-,-,R,-,-,-,-,3.7,478
1,C,G,T,C,M,T,A,G,A,R,-,-,-,-,-,G,-,-,-,-,4.2,348
0,C,G,T,C,T,T,A,G,A,A,C,C,G,A,A,A,A,C,G,T,4.6,73
0,C,G,C,T,C,T,R,G,A,A,-,-,-,-,-,G,-,-,-,-,4.2,365
1,C,G,T,C,T,T,A,G,A,A,-,-,-,-,-,A,-,-,-,-,5.6,1031
1,C,G,T,C,C,T,A,G,A,A,C,C,G,A,A,A,A,C,G,T,5.5,7
1,C,G,T,C,T,T,A,G,A,A,C,C,G,A,A,A,A,C,G,T,4.6,151
1,C,G,T,C,C,T,A,G,A,A,-,-,-,-,-,G,-,-,-,-,4.7,469
0,C,G,C,C,C,A,A,G,C,A,-,-,-,-,-,G,-,-,-,-,3.9,144
0,C,G,T,C,C,A,A,A,C,A,-,-,-,-,-,A,-,-,-,-,3.8,421
0,C,G,T,T,C,T,A,G,C,A,C,C,G,A,A,A,A,C,A,T,4.6,187
0,C,G,C,C,C,T,G,G,A,A,-,-,-,-,-,G,-,-,-,-,4.6,106
0,C,G,C,Y,G,T,A,A,M,A,-,-,-,-,-,R,-,-,-,-,3.2,329
0,C,G,T,T,C,A,A,A,C,A,-,-,-,-,-,A,-,-,-,-,4,257
1,C,G,T,T,A,A,A,G,C,A,-,-,-,-,-,G,-,-,-,-,5.4,115
1,C,G,T,C,C,A,A,A,A,A,-,-,-,-,-,A,-,-,-,-,5.9,66
0,C,G,T,C,C,T,A,G,M,A,-,-,-,-,-,G,-,-,-,-,4.5,115
1,C,G,T,C,Y,A,A,A,C,A,-,-,-,-,-,A,-,-,-,-,4.3,403
0,C,G,T,C,C,T,A,G,A,A,-,-,-,-,-,G,-,-,-,-,3.9,382
1,C,G,T,C,T,T,A,G,A,A,C,C,G,A,R,A,A,C,A,T,4.7,67
1,C,G,T,C,Y,T,A,G,A,A,-,-,-,-,-,A,-,-,-,-,5.7,203
0,C,G,T,C,C,T,A,G,C,A,-,-,-,-,-,G,-,-,-,-,3.55,238
0,C,G,T,C,C,T,A,G,A,A,C,C,G,A,A,A,A,Y,A,T,5.7,3
0,C,G,T,C,C,T,A,G,A,A,-,-,-,-,-,A,-,-,-,-,4.5,212
0,C,G,T,C,Y,T,A,G,C,A,-,-,-,-,-,G,-,-,-,-,4.6,372
0,C,G,T,C,C,T,A,G,A,G,-,-,-,-,-,A,-,-,-,-,4.3,583
0,C,G,T,C,T,A,A,G,A,A,-,-,-,-,-,A,-,-,-,-,4.8,14
0,C,G,C,T,C,A,R,G,C,A,-,-,-,-,-,G,-,-,-,-,4.3,249
0,C,G,T,C,C,T,A,G,C,A,C,-,G,-,A,A,A,-,-,-,3.9,557
0,C,G,C,C,T,T,A,G,A,A,C,-,G,-,A,G,A,-,-,-,4,270
0,C,G,T,C,C,T,A,G,A,A,-,-,-,-,-,G,-,-,-,-,4.9,243
1,C,G,T,T,T,T,A,G,A,A,-,-,-,-,-,A,-,-,-,-,4.7,315
1,C,G,T,C,C,T,A,G,C,A,-,-,-,-,-,A,-,-,-,-,4.1,146
0,C,G,T,C,C,T,A,G,C,A,-,-,-,-,-,G,-,-,-,-,3.7,654
0,C,G,T,C,C,T,A,G,A,G,-,-,-,-,-,G,-,-,-,-,5.1,87
1,C,G,T,T,A,T,A,G,A,A,-,-,-,-,-,G,-,-,-,-,5.1,242
0,C,G,T,C,C,T,A,G,A,A,-,-,-,-,-,G,-,-,-,-,5.1,225
1,C,G,T,C,A,T,A,G,A,A,C,C,A,A,A,A,A,C,A,T,4.4,33
0,C,G,T,C,T,T,A,G,A,A,-,-,-,-,-,A,-,-,-,-,5.7,5
0,C,G,T,C,C,T,A,G,A,A,-,-,-,-,-,G,-,-,-,-,3.6,97
1,C,G,T,C,T,T,A,G,A,A,C,C,G,A,A,A,R,C,A,T,4.3,221
0,C,G,T,C,T,T,A,G,A,A,-,-,-,-,-,G,-,-,-,-,3.3,462
0,C,G,T,C,C,T,A,A,A,A,-,-,-,-,-,R,-,-,-,-,4.6,220
0,C,G,T,C,C,T,A,G,A,A,-,-,-,-,-,G,-,-,-,-,3.5,501
0,C,G,T,C,C,T,A,G,C,G,-,-,-,-,-,A,-,-,-,-,3.5,359
1,C,G,T,C,C,T,A,G,A,A,C,C,G,A,A,A,A,C,A,T,5,7
0,C,G,T,C,C,A,A,A,C,A,C,-,G,-,G,G,C,-,-,-,4.2,293
1,C,G,T,C,C,T,A,G,A,A,C,C,G,A,A,A,A,C,A,T,5.3,7
0,C,G,T,C,C,T,A,G,A,A,C,Y,G,G,A,A,A,C,G,T,4.8,62
1,C,G,T,C,C,T,A,G,C,A,C,C,G,A,A,A,A,C,G,T,4.3,196
1,C,G,T,C,R,T,A,G,A,A,-,-,-,-,-,A,-,-,-,-,4.6,143
0,C,G,T,C,C,T,A,G,A,A,-,-,-,-,-,G,-,-,-,-,3.3,364
0,C,G,T,C,C,T,A,G,A,A,C,C,G,A,A,A,A,C,R,T,3.4,199
1,C,G,T,C,T,T,A,G,C,R,Y,-,A,-,A,A,A,-,-,-,4.6,310
0,C,G,T,T,C,T,A,G,C,A,-,-,-,-,-,A,-,-,-,-,3.4,465
0,C,G,T,C,C,T,A,G,C,A,-,-,-,-,-,G,-,-,-,-,3.3,741
0,C,G,T,T,T,T,A,G,A,A,-,-,-,-,-,G,-,-,-,-,5.1,131
1,C,G,T,C,T,T,A,G,C,R,Y,C,G,A,A,A,A,C,G,T,5.7,90
1,C,G,T,C,Y,T,A,G,A,R,C,C,G,A,A,A,A,C,A,Y,4.6,20
0,C,G,T,C,C,T,A,G,C,A,-,-,-,-,-,G,-,-,-,-,3.7,321
1,C,G,T,C,C,T,A,G,A,A,C,C,G,A,A,A,R,C,A,T,4.6,0
0,C,G,T,T,C,T,A,G,C,A,C,C,G,A,A,A,R,C,R,T,5.1,5
0,C,G,T,C,C,T,A,G,A,A,M,-,G,-,A,A,A,-,-,-,5.2,31
1,C,G,T,C,C,T,A,G,A,G,C,-,A,-,A,A,A,-,-,-,4.4,220
0,C,G,T,C,T,T,A,G,A,A,C,-,G,-,A,A,A,-,-,-,3.7,938
1,C,G,T,C,C,T,A,G,A,A,C,C,G,A,A,A,A,C,A,T,4.7,173
0,C,G,Y,Y,C,W,A,G,A,A,-,-,-,-,-,G,-,-,-,-,4.4,190
0,C,G,T,C,C,T,A,G,C,A,-,-,-,-,-,G,-,-,-,-,3.9,327
0,C,G,T,C,C,A,A,G,A,A,C,-,G,-,A,G,A,-,-,-,3.6,417
1,C,G,T,C,T,T,A,G,A,A,-,-,-,-,-,A,-,-,-,-,4,310
1,C,G,T,C,T,T,A,G,A,R,C,C,G,A,A,A,A,C,G,T,4.2,150
0,C,G,T,C,C,T,A,G,C,A,-,-,-,-,-,G,-,-,-,-,3.5,270
0,C,G,T,C,C,T,A,G,C,A,C,C,G,A,A,A,A,C,A,T,5.6,27
0,C,G,T,C,M,T,A,G,C,A,C,-,G,-,A,A,G,-,-,-,4.2,596
1,C,G,T,C,C,T,A,G,C,A,-,-,-,-,-,G,-,-,-,-,4.5,344
1,C,G,T,C,C,T,A,G,C,A,C,C,G,A,A,A,A,C,A,T,5.3,17
1,C,G,T,C,Y,T,A,G,A,A,C,C,G,A,A,A,C,C,A,T,5.5,16
0,C,G,T,C,C,T,A,G,A,A,-,-,-,-,-,G,-,-,-,-,4.3,45
0,C,G,T,C,T,T,A,G,A,A,T,-,G,-,A,A,A,-,-,-,3.6,1219
0,C,G,T,C,C,A,A,G,C,G,-,-,-,-,-,G,-,-,-,-,4,424
0,C,G,T,Y,T,A,A,G,A,A,-,-,-,-,-,A,-,-,-,-,4.3,561
1,C,G,T,C,C,T,A,G,C,A,C,C,G,A,A,A,R,C,G,Y,5.8,95
0,C,G,T,C,Y,T,A,G,A,A,C,-,G,-,A,G,A,-,-,-,3.7,614
1,C,G,T,T,C,A,A,G,C,A,-,-,-,-,-,A,-,-,-,-,4.6,75
0,C,G,T,T,C,T,A,G,C,A,-,-,G,-,A,G,A,-,-,-,3.9,202
0,C,G,T,C,T,T,A,G,A,A,C,-,G,-,A,G,A,-,-,-,3.6,460
1,C,G,T,C,C,T,A,G,A,A,C,C,G,A,A,A,A,C,G,G,4.8,128
0,C,G,T,T,T,T,A,G,C,A,-,-,-,-,-,G,-,-,-,-,4.4,161
0,C,G,T,C,Y,T,A,G,A,A,Y,C,G,G,G,A,A,C,A,T,4.8,25
0,C,G,T,C,T,T,A,G,C,A,C,-,G,-,A,A,A,-,-,-,3.8,386
1,C,G,T,C,T,T,A,G,A,A,C,C,G,A,A,A,A,C,A,T,5.3,195
1,C,G,T,C,C,T,A,G,A,A,C,C,G,A,A,A,A,C,A,T,5.5,7
0,C,G,T,C,C,T,A,A,M,A,-,-,-,-,-,G,-,-,-,-,3.3,273
0,C,G,C,T,C,T,G,G,A,A,-,-,-,-,-,G,-,-,-,-,4.8,184
0,C,G,T,C,C,A,A,G,A,A,-,-,-,-,-,A,-,-,-,-,4.2,155
0,C,G,T,T,C,A,A,G,A,A,-,-,-,-,-,A,-,-,-,-,3.6,163
0,C,G,T,C,C,T,A,G,A,A,-,-,-,-,-,A,-,-,-,-,3,389
0,C,G,T,C,C,T,A,G,A,A,A,C,G,A,A,A,A,C,G,T,5.2,22
0,C,G,T,C,T,T,A,G,A,A,-,-,-,-,-,A,-,-,-,-,3.4,314
0,C,G,T,C,C,W,A,G,A,A,-,-,-,-,-,A,-,-,-,-,4.4,112
0,C,G,T,C,C,T,A,G,A,G,-,-,-,-,-,G,-,-,-,-,4.2,573
1,C,G,T,C,C,T,A,G,A,A,-,-,-,-,-,A,-,-,-,-,5.6,256
0,C,G,T,C,C,T,A,G,C,A,-,-,-,-,-,G,-,-,-,-,3.8,342
0,C,G,T,C,C,A,A,A,C,A,-,-,-,-,-,A,-,-,-,-,3.1,234
1,C,G,T,C,Y,T,A,G,A,A,C,C,G,A,A,A,A,C,A,T,5.3,87
1,C,G,T,C,C,T,A,G,C,A,C,C,G,A,A,A,A,C,A,T,4.5,101
0,C,G,T,C,C,T,A,G,A,A,-,-,-,-,-,A,-,-,-,-,3.8,434
0,C,G,T,C,C,T,A,G,A,A,C,-,A,-,G,G,A,-,-,-,3.9,627
0,C,G,T,T,A,T,A,G,C,G,-,-,-,-,-,G,-,-,-,-,3.5,417
0,C,G,C,C,C,A,G,G,A,A,-,-,-,-,-,G,-,-,-,-,4.2,401
1,C,G,T,C,C,T,A,G,A,A,C,C,R,A,A,A,A,C,A,T,5.8,90
1,C,G,T,C,T,T,A,G,A,A,-,-,-,-,-,A,-,-,-,-,4.7,943
1,C,G,T,C,S,A,A,G,M,R,-,-,-,-,-,G,-,-,-,-,5.8,62
1,C,G,T,C,T,T,A,G,A,A,C,-,G,-,A,G,A,-,-,-,5.2,560
0,C,G,T,C,C,T,A,G,A,A,-,-,-,-,-,G,-,-,-,-,4.3,420
0,C,G,T,C,C,T,A,G,A,A,-,-,-,-,-,G,-,-,-,-,3.3,590
0,C,G,C,T,C,T,A,G,A,G,-,-,-,-,-,G,-,-,-,-,4.5,342
1,C,G,T,C,C,T,A,G,C,G,C,-,A,-,A,G,G,-,-,-,5.2,563
1,C,G,T,C,C,A,A,G,C,A,-,-,-,-,-,A,-,-,-,-,5.3,350
0,C,G,T,C,C,A,A,G,A,A,-,-,-,-,-,G,-,-,-,-,5.3,197
1,C,G,T,C,C,T,A,G,A,A,C,C,G,A,A,A,A,C,A,T,4.4,170
1,C,G,T,C,C,T,A,G,C,A,-,-,-,-,-,G,-,-,-,-,4.7,439
1,C,G,T,C,C,T,A,G,A,A,-,-,-,-,-,G,-,-,-,-,4.8,362
0,C,G,T,C,C,T,A,G,A,A,C,-,G,-,A,G,A,-,-,-,3.2,181
0,C,G,T,C,C,T,A,G,A,A,-,-,-,-,-,G,-,-,-,-,3.6,362
0,C,G,T,Y,C,T,A,G,A,A,-,-,-,-,-,A,-,-,-,-,4.4,513
1,C,G,T,C,C,T,A,G,C,C,-,-,-,-,-,A,-,-,-,-,4.9,207
0,C,G,T,C,C,T,A,G,C,C,-,-,-,-,-,A,-,-,-,-,3.6,510
0,C,G,T,C,C,T,A,G,C,M,-,-,-,-,-,R,-,-,-,-,3.7,330
0,C,G,T,C,C,T,A,G,C,T,Y,C,G,A,A,A,A,C,G,T,4.9,90
1,C,G,T,C,C,T,A,G,A,A,C,-,A,-,A,G,A,-,-,-,5.6,199
1,C,G,T,C,T,T,A,G,C,A,-,-,-,-,-,A,-,-,-,-,4.9,341
1,C,G,T,C,T,T,A,G,A,A,C,-,A,-,A,S,A,-,-,-,3.9,180
0,C,G,T,C,T,T,A,G,A,A,C,-,A,-,A,G,A,-,-,-,4.3,684
0,C,G,T,C,C,T,A,A,C,C,-,-,-,-,-,A,-,-,-,-,4,407
0,C,G,T,C,C,T,A,G,A,A,-,-,-,-,-,A,-,-,-,-,4.3,344
1,C,G,T,C,C,T,A,G,A,A,-,-,-,-,-,G,-,-,-,-,4.3,216
0,C,G,T,C,C,T,A,G,A,A,-,-,-,-,-,G,-,-,-,-,3.4,389
0,C,G,T,T,C,T,A,G,A,A,-,-,-,-,-,A,-,-,-,-,4.7,166
1,C,G,T,C,C,T,A,G,A,A,-,-,-,-,-,G,-,-,-,-,4,184
1,C,G,T,C,C,T,A,G,A,A,-,-,-,-,-,G,-,-,-,-,4,350
0,C,G,T,C,T,T,A,G,A,R,-,-,-,-,-,G,-,-,-,-,3.2,105
1,C,G,T,C,C,A,A,G,A,A,C,-,G,-,A,G,A,-,-,-,4.4,98
1,C,G,T,T,C,T,A,A,C,A,-,-,-,-,-,A,-,-,-,-,4.3,125
0,C,G,T,C,C,T,A,G,A,A,-,-,-,-,-,A,-,-,-,-,3,597
0,C,G,T,C,C,T,A,G,A,A,-,-,-,-,-,G,-,-,-,-,4.9,411
1,C,G,T,C,C,T,A,G,A,A,-,-,-,-,-,G,-,-,-,-,4.1,248
0,C,G,T,Y,C,T,A,G,A,A,-,-,-,-,-,A,-,-,-,-,5.5,134
0,C,G,T,T,C,T,A,G,A,A,-,-,-,-,-,G,-,-,-,-,3.5,354
0,C,G,T,C,T,T,A,G,A,A,-,-,-,-,-,A,-,-,-,-,4.2,358
0,C,G,C,C,C,T,A,G,A,A,-,-,-,-,-,G,-,-,-,-,3.8,700
1,C,G,T,C,A,T,A,G,A,A,-,-,-,-,-,A,-,-,-,-,4.15,477
0,C,G,T,C,C,T,A,G,A,A,T,C,G,A,A,A,A,C,G,C,4.9,104
0,C,G,T,C,C,T,A,G,A,M,Y,Y,G,A,A,A,A,C,G,T,5.1,51
0,C,G,T,C,C,T,A,G,A,A,-,-,-,-,-,G,-,-,-,-,4.6,130
0,C,G,T,C,C,T,A,G,A,A,-,-,-,-,-,G,-,-,-,-,3.7,494
0,C,G,T,C,C,T,A,R,A,A,-,-,-,-,-,A,-,-,-,-,5.2,97
0,C,G,T,C,C,T,A,A,A,A,-,-,-,-,-,G,-,-,-,-,3.9,711
0,C,G,T,C,C,T,A,G,A,A,-,-,-,-,-,G,-,-,-,-,4.2,598
0,C,G,C,C,C,T,A,A,A,A,-,-,-,-,-,G,-,-,-,-,3.8,385
0,C,G,T,T,C,A,A,G,C,A,-,-,-,-,-,A,-,-,-,-,3.4,301
0,C,G,T,C,C,T,A,G,A,A,-,-,-,-,-,G,-,-,-,-,4,475
0,C,G,T,C,C,T,A,G,A,A,-,-,-,-,-,G,-,-,-,-,3.5,275
1,C,G,T,C,C,T,A,G,A,A,-,-,-,-,-,A,-,-,-,-,3.65,288
0,C,G,T,C,C,W,A,G,A,G,-,-,-,-,-,G,-,-,-,-,4.1,552
0,C,G,T,C,G,T,A,G,A,A,-,-,-,-,-,G,-,-,-,-,5,182
0,C,G,T,T,Y,T,A,G,A,A,-,-,-,-,-,G,-,-,-,-,3.2,295
0,C,G,T,C,T,T,A,G,A,A,C,-,G,-,A,A,T,-,-,-,5.3,147
0,C,G,T,C,C,A,G,G,C,G,-,-,-,-,-,G,-,-,-,-,4.5,221
0,C,G,T,C,C,T,A,G,A,G,-,-,-,-,-,G,-,-,-,-,4,510
1,C,G,T,T,C,A,A,G,C,A,-,-,-,-,-,G,-,-,-,-,4.4,48
1,C,G,T,C,C,T,A,G,A,A,C,C,G,A,A,A,A,C,A,T,5.6,149
0,C,G,T,Y,C,T,A,G,A,A,-,-,-,-,-,G,-,-,-,-,4.3,620
1,C,G,T,C,C,T,A,G,A,A,C,C,R,A,A,A,A,T,A,T,4.9,77
0,C,G,T,C,C,W,C,G,A,A,-,-,-,-,-,A,-,-,-,-,4.7,256
0,C,G,T,C,C,T,A,G,A,A,-,-,-,-,-,A,-,-,-,-,4.4,188
0,C,G,C,C,T,T,A,G,M,A,-,-,-,-,-,G,-,-,-,-,4.8,197
0,C,G,T,C,A,T,A,A,A,A,-,-,-,-,-,A,-,-,-,-,4.1,429
0,C,G,T,C,C,T,A,G,C,A,-,-,-,-,-,A,-,-,-,-,4,489
1,C,G,T,C,T,T,A,G,A,A,T,C,G,A,A,A,A,C,G,T,5.3,110
0,C,G,C,C,C,T,A,G,A,A,C,-,R,-,A,G,A,-,-,-,3.9,629
0,C,G,T,T,C,T,A,G,A,G,-,-,-,-,-,G,-,-,-,-,4.3,327
1,C,G,T,C,C,T,A,G,A,A,-,-,-,-,-,A,-,-,-,-,3.8,399
0,C,G,T,C,T,T,A,G,A,A,A,-,G,-,A,A,A,-,-,-,3,271
0,C,G,T,T,C,A,A,G,M,R,-,-,-,-,-,A,-,-,-,-,3.3,266
0,C,G,T,C,C,T,A,G,A,A,C,C,G,A,A,A,A,C,G,T,5.3,109
1,C,G,T,C,T,T,A,G,A,A,C,C,G,A,A,A,A,C,A,T,4.9,73
1,C,G,C,C,C,T,A,G,M,A,-,-,-,-,-,G,-,-,-,-,5.3,159
0,C,G,T,C,T,T,A,G,A,A,-,-,-,-,-,G,-,-,-,-,4.4,435
0,C,G,T,C,C,T,A,G,A,A,-,-,-,-,-,G,-,-,-,-,4.4,454
0,C,G,T,C,C,T,A,G,A,A,-,-,-,-,-,A,-,-,-,-,4.3,247
0,C,G,T,Y,C,T,A,G,C,A,-,-,-,-,-,G,-,-,-,-,4,116
0,C,G,T,C,C,T,A,G,C,A,-,-,-,-,-,G,-,-,-,-,3.9,402
0,C,G,T,C,T,T,A,G,A,A,-,-,-,-,-,G,-,-,-,-,3.7,605
0,C,G,T,C,C,T,A,G,A,A,-,-,-,-,-,G,-,-,-,-,3.4,485
0,C,G,T,C,C,T,A,G,A,A,-,-,-,-,-,A,-,-,-,-,4.2,195
1,C,G,T,C,C,T,A,G,A,A,-,-,-,-,-,A,-,-,-,-,4.1,315
0,C,G,T,Y,C,T,A,G,M,A,-,-,-,-,-,G,-,-,-,-,3.8,353
1,C,G,T,C,A,T,A,G,A,A,-,-,-,-,-,G,-,-,-,-,4.4,247
1,C,G,T,C,T,T,A,G,A,A,C,-,G,-,A,A,A,-,-,-,4.5,451
1,C,G,T,C,T,T,A,G,A,A,C,C,R,A,A,A,A,T,A,T,4.7,18
0,C,G,T,C,Y,T,A,G,A,A,C,C,A,A,A,A,A,Y,G,T,4.2,114
0,C,G,T,C,C,T,A,G,A,A,-,-,-,-,-,C,-,-,-,-,4.2,274
0,C,G,T,C,G,T,A,G,A,A,C,C,G,A,A,A,A,C,G,C,5,115
0,C,G,T,Y,C,T,A,G,A,A,-,-,-,-,-,G,-,-,-,-,3.9,255
1,C,G,T,C,C,T,A,G,C,A,-,-,-,-,-,G,-,-,-,-,5.8,657
0,C,G,T,C,C,T,A,G,C,A,-,-,-,-,-,G,-,-,-,-,3.6,342
0,C,G,T,C,C,T,A,G,C,R,C,T,G,A,A,A,A,C,G,T,4.7,57
0,C,G,T,C,C,T,A,G,C,A,-,-,-,-,-,G,-,-,-,-,3.4,266
0,C,G,T,C,C,T,A,G,C,A,-,-,-,-,-,G,-,-,-,-,3.45,350
0,C,G,T,C,C,T,A,G,C,A,-,-,-,-,A,A,A,-,-,-,4.1,726
0,C,G,T,C,C,T,A,G,A,A,-,-,-,-,-,G,-,-,-,-,2.95,285
1,C,G,T,C,T,T,A,G,A,A,A,C,G,A,A,A,A,C,A,T,5.2,25
0,C,G,T,C,C,T,A,G,C,A,C,C,G,A,A,A,A,C,G,T,5.1,16
0,C,G,T,C,C,T,A,G,A,A,-,-,-,-,-,A,-,-,-,-,4.7,373
0,C,G,T,C,C,T,A,G,A,A,C,A,G,A,A,A,A,Y,R,T,5.8,7
0,C,G,T,C,C,T,A,G,C,A,-,-,-,-,-,G,-,-,-,-,3.5,265
1,C,G,T,C,C,T,A,G,C,A,-,-,-,-,-,A,-,-,-,-,5,75
0,C,G,T,C,C,T,A,G,C,A,-,-,-,-,-,G,-,-,-,-,3.2,349
1,C,G,T,C,C,T,A,G,A,G,C,-,G,-,A,A,A,-,-,-,5.9,851
1,C,G,T,C,C,T,A,G,A,A,C,C,A,A,A,A,A,C,G,T,5.4,10
0,C,G,T,C,C,T,A,G,A,A,-,-,-,-,-,G,-,-,-,-,4,253
1,C,G,T,C,C,T,A,G,A,A,C,C,G,A,A,A,A,C,A,A,5,99
1,C,G,T,C,C,T,A,G,A,A,C,C,G,A,A,A,A,C,A,T,5.2,170
1,C,G,T,C,C,T,A,G,M,A,C,C,G,A,A,A,A,C,G,T,5.7,101
0,C,G,T,C,C,T,A,G,A,A,-,-,-,-,-,G,-,-,-,-,3.8,369
0,C,G,T,C,C,T,A,G,A,A,-,-,-,-,-,G,-,-,-,-,3.5,751
0,C,G,T,C,T,T,A,G,A,A,C,-,G,-,A,A,G,-,-,-,3.7,878
0,C,G,T,C,C,T,A,G,A,A,-,-,-,-,-,G,-,-,-,-,3.2,151
0,C,G,T,C,T,T,A,G,C,A,M,C,G,A,A,A,A,C,A,T,4.6,169
0,C,G,T,C,T,T,A,G,A,A,-,-,-,-,-,G,-,-,-,-,3.9,231
1,C,G,T,C,C,T,A,G,M,R,C,C,G,A,A,A,A,C,A,T,4.6,13
0,C,G,T,C,C,T,A,G,C,A,-,-,-,-,-,G,-,-,-,-,3.5,780
0,C,G,T,C,C,T,A,G,A,A,A,-,G,-,A,A,A,-,-,-,3.7,506
0,C,G,C,T,C,T,A,G,A,A,-,-,-,-,-,A,-,-,-,-,3.6,184
0,C,G,T,C,C,T,A,G,A,A,-,-,-,-,-,G,-,-,-,-,4.4,137
1,C,G,T,C,C,T,A,G,A,A,-,-,-,-,-,A,-,-,-,-,5,317
1,C,G,T,C,C,T,A,G,A,T,Y,C,G,A,G,A,A,C,A,T,4.6,118
1,C,G,T,C,C,T,A,G,A,A,-,-,-,-,-,R,-,-,-,-,4.8,266
1,C,G,T,C,C,T,A,G,A,A,C,-,G,-,A,G,A,-,-,-,5.5,41
0,C,G,T,C,Y,T,A,G,A,A,C,C,G,A,A,A,A,C,G,Y,4.7,75
1,C,G,T,Y,C,T,A,G,M,A,-,-,-,-,-,G,-,-,-,-,4.2,316
1,C,G,T,C,T,T,A,G,A,A,C,C,G,A,A,A,A,C,A,T,4.7,30
0,C,G,T,C,C,T,A,G,A,A,-,-,-,-,-,G,-,-,-,-,4,449
0,C,G,T,C,C,T,A,G,A,A,-,-,-,-,-,A,-,-,-,-,4.9,325
0,C,G,T,C,Y,T,A,G,A,A,-,-,-,-,-,A,-,-,-,-,3.35,691
0,C,G,T,C,C,T,A,G,C,A,-,-,-,-,-,A,-,-,-,-,3.6,462
1,C,G,C,T,C,T,G,A,A,A,-,-,-,-,-,A,-,-,-,-,5.3,349
0,C,G,T,C,C,T,A,G,A,R,-,-,-,-,-,G,-,-,-,-,5.2,162
1,C,G,T,C,C,T,A,G,C,A,C,C,G,A,A,A,A,C,A,T,4.2,206
0,C,G,T,T,C,T,A,G,C,A,-,-,-,-,-,G,-,-,-,-,3.7,215
0,C,G,T,T,C,T,A,G,C,A,-,-,-,-,-,A,-,-,-,-,5.2,40
1,C,G,T,C,C,T,A,G,A,R,-,-,-,-,-,G,-,-,-,-,4.9,261
1,C,G,T,C,C,T,A,G,A,A,C,-,G,-,A,G,A,-,-,-,3.5,465
0,C,G,T,C,C,T,A,G,A,A,C,-,G,-,A,G,A,-,-,-,3.2,455
0,C,G,T,C,T,T,A,G,A,A,-,-,-,-,-,G,-,-,-,-,3.25,616
0,C,G,T,C,C,T,A,G,C,A,-,-,-,-,-,A,-,-,-,-,3.7,127
1,C,G,T,C,C,T,A,G,A,A,C,C,G,A,A,A,A,C,G,T,5.1,85
1,C,G,T,C,T,T,A,G,A,A,C,C,G,A,A,A,A,C,A,T,5.2,310
0,C,G,T,C,C,T,A,G,A,A,-,-,-,-,-,G,-,-,-,-,4.6,169
0,C,G,T,C,Y,W,A,G,A,A,-,-,-,-,-,A,-,-,-,-,4.3,225
1,C,G,T,C,C,T,A,G,C,A,-,-,-,-,-,G,-,-,-,-,4.3,385
0,C,G,T,C,C,T,A,G,A,A,-,-,-,-,-,A,-,-,-,-,4.5,226
1,C,G,T,C,Y,T,A,G,A,A,C,-,A,-,A,A,A,-,-,-,5.4,247
0,C,G,T,C,C,T,A,G,A,A,-,-,-,-,-,G,-,-,-,-,3.2,511
1,C,G,T,C,C,T,A,G,C,A,Y,C,G,A,A,A,A,C,A,T,5.7,247
0,C,G,T,C,C,T,A,G,C,A,-,-,-,-,-,A,-,-,-,-,4.8,496
0,C,G,T,Y,C,T,A,G,C,A,-,-,-,-,-,G,-,-,-,-,3.9,252
1,C,G,T,C,C,T,A,G,C,A,-,-,-,-,-,G,-,-,-,-,4.3,342
0,C,G,T,C,C,T,A,G,A,A,C,C,G,A,A,A,A,C,A,T,4.9,19
0,C,G,T,T,C,A,A,G,C,A,-,-,-,-,-,G,-,-,-,-,4.7,126
0,C,G,T,C,C,T,A,G,A,A,-,-,-,-,-,G,-,-,-,-,4,170
1,C,G,T,C,C,T,A,G,A,A,C,-,G,-,A,A,A,-,-,-,4.9,93
0,C,G,T,C,C,T,A,G,A,A,-,-,-,-,-,G,-,-,-,-,5,200
1,C,G,T,C,C,T,A,G,A,R,-,-,-,-,-,A,-,-,-,-,4.55,104
1,C,G,T,C,Y,T,A,G,A,A,C,C,G,A,A,A,A,C,A,T,5.1,133
0,C,G,T,C,C,T,A,G,C,R,-,-,-,-,-,A,-,-,-,-,3.3,632
0,C,G,T,C,C,T,A,G,C,A,-,-,-,-,-,G,-,-,-,-,4.6,742
0,C,G,T,C,C,T,A,G,A,A,-,-,-,-,-,G,-,-,-,-,3.5,585
0,C,G,T,C,C,T,A,G,A,A,-,-,-,-,-,G,-,-,-,-,3.5,295
0,C,G,T,C,C,A,A,G,A,A,-,-,-,-,-,G,-,-,-,-,3.7,714
1,C,G,T,C,T,T,A,G,A,A,-,-,-,-,-,A,-,-,-,-,3.6,308
1,G,G,T,C,T,A,A,G,C,A,-,-,-,-,-,A,-,-,-,-,4.1,679
1,G,G,T,C,T,A,A,G,C,A,-,-,-,-,-,A,-,-,-,-,4,673
0,G,G,C,T,C,A,G,A,C,A,-,-,-,-,-,A,-,-,-,-,3.7,405
0,G,G,Y,C,Y,T,R,A,M,A,-,-,-,-,-,G,-,-,-,-,5.3,294
0,G,G,T,C,C,A,A,A,C,A,-,-,-,-,-,G,-,-,-,-,3.5,287
0,G,G,T,C,C,T,A,G,A,A,-,-,-,-,-,G,-,-,-,-,3.8,249
0,G,G,T,C,C,A,A,A,A,A,-,-,-,-,-,A,-,-,-,-,4.5,388
0,G,G,T,C,C,T,G,G,A,A,C,-,G,-,A,A,A,-,-,-,3.8,449
0,G,G,T,C,C,T,G,G,A,A,-,-,-,-,-,G,-,-,-,-,3.3,531
0,G,G,T,C,C,T,A,R,A,A,-,-,-,-,-,G,-,-,-,-,3.8,273
0,G,G,T,C,G,T,A,G,A,A,-,-,-,-,-,A,-,-,-,-,5.1,287
0,G,G,C,C,A,T,A,G,A,A,C,-,G,-,A,R,A,-,-,-,3.9,220
1,G,G,T,C,C,T,A,G,A,A,-,-,-,-,-,A,-,-,-,-,5.6,104
0,G,G,T,C,C,A,A,G,A,A,-,-,-,-,-,G,-,-,-,-,4.6,165
0,G,G,C,T,C,A,A,A,A,A,-,-,-,-,-,A,-,-,-,-,5,78
0,G,G,C,T,C,A,A,G,C,A,-,-,-,-,-,G,-,-,-,-,3.3,447
1,G,G,T,C,T,T,A,G,A,A,-,-,-,-,-,R,-,-,-,-,4.3,359
0,G,G,T,C,C,T,A,G,A,A,A,-,G,-,A,G,A,-,-,-,3.7,554
0,G,G,T,C,C,T,A,G,C,A,C,C,G,A,A,A,A,C,G,T,5.8,32
0,K,G,T,C,C,T,A,G,C,G,-,-,-,-,-,G,-,-,-,-,3.4,346
0,M,G,C,T,C,W,G,G,A,A,-,-,-,-,-,G,-,-,-,-,4.5,177
0,M,G,T,T,C,T,A,G,C,A,T,-,R,-,A,R,A,-,-,-,4.8,250
0,M,G,C,C,C,A,A,G,C,R,-,-,-,-,-,G,-,-,-,-,4.8,236
0,M,G,C,T,C,W,G,G,A,A,-,-,-,-,-,R,-,-,-,-,4.2,352
1,M,G,T,C,C,T,A,G,C,R,C,Y,G,A,A,A,A,C,A,T,5.1,33
1,M,G,T,C,T,T,A,G,M,A,C,C,G,A,A,A,A,C,A,T,5.2,15
0,M,G,T,Y,C,A,A,G,C,A,-,-,-,-,-,G,-,-,-,-,4,151
1,M,G,T,C,C,A,A,G,C,A,-,-,-,-,-,A,-,-,-,-,5.2,31
0,M,G,Y,T,C,A,G,G,C,A,-,-,-,-,-,G,-,-,-,-,4.9,298
1,M,G,T,C,C,T,A,G,A,A,C,-,G,-,A,A,A,-,-,-,5.3,10
1,M,G,T,C,T,T,A,G,A,R,M,C,G,A,A,A,A,C,G,T,5,12
0,M,G,T,C,C,A,A,G,A,A,-,-,-,-,-,G,-,-,-,-,3.7,161
0,M,G,T,T,C,A,A,R,C,G,-,-,-,-,-,G,-,-,-,-,3.6,212
0,M,G,C,C,C,T,G,G,A,A,-,-,-,-,-,G,-,-,-,-,4.8,200
1,M,G,T,C,C,W,A,R,M,A,-,-,-,-,-,G,-,-,-,-,4.8,241
0,M,G,T,T,C,A,A,A,C,G,-,-,-,-,-,A,-,-,-,-,4.6,288
1,M,G,T,C,C,T,A,G,C,R,A,C,G,A,A,A,A,C,A,T,5.8,115
1,M,G,T,C,C,W,A,G,A,A,-,-,-,-,-,A,-,-,-,-,5.4,32
1,M,G,T,C,C,T,A,G,C,A,-,-,-,-,-,R,-,-,-,-,5.4,432
0,M,G,T,C,M,T,A,G,A,G,C,-,G,-,A,R,A,-,-,-,4.3,180
1,R,G,T,C,C,T,A,G,A,A,-,-,-,-,-,G,-,-,-,-,4.5,133
1,R,G,T,T,C,A,R,G,C,A,C,-,G,-,A,G,A,-,-,-,4.9,161
0,R,G,Y,T,C,T,R,G,C,A,-,-,-,-,-,G,-,-,-,-,3.8,159
0,R,G,T,C,C,T,A,G,C,A,-,-,-,-,-,G,-,-,-,-,3.8,219
0,R,G,T,C,C,T,A,G,C,A,-,-,-,-,-,A,-,-,-,-,3.6,251
1,S,G,T,C,A,T,A,G,A,A,-,-,-,-,-,A,-,-,-,-,4.8,530
0,S,G,T,C,C,T,A,G,A,A,-,-,-,-,-,A,-,-,-,-,3.9,279
1,S,G,T,C,C,T,A,G,A,R,C,C,G,A,A,A,A,C,G,T,5.5,139
0,T,G,T,C,C,T,A,G,A,A,-,-,-,-,-,R,-,-,-,-,4.2,569
1,T,G,T,C,C,T,A,G,A,R,C,C,G,A,A,A,A,C,A,T,5.4,24
1,T,G,T,C,T,T,A,G,A,R,C,-,G,-,A,R,A,-,-,-,4.9,10
1,T,G,T,C,T,T,A,G,A,A,C,C,G,A,A,A,G,C,G,T,5,134
0,T,G,T,C,C,T,A,G,A,A,C,-,G,-,A,G,A,-,-,-,3.6,707
0,T,G,T,T,C,A,G,G,A,A,-,-,-,-,-,A,-,-,-,-,4.2,137
0,T,G,T,T,C,A,G,G,A,A,-,-,-,-,-,G,-,-,-,-,5.3,40
1,T,G,T,C,C,A,A,A,A,A,-,-,-,-,-,G,-,-,-,-,4.9,130
0,T,G,T,C,T,T,A,G,C,A,-,-,-,-,-,G,-,-,-,-,3.4,276
0,T,G,T,C,C,A,A,A,C,A,-,-,-,-,-,G,-,-,-,-,3.1,114
1,T,G,C,C,C,A,A,G,A,G,-,-,-,-,-,A,-,-,-,-,4.9,44
0,T,G,T,C,C,T,A,G,C,A,-,-,-,-,-,G,-,-,-,-,4.5,629
0,T,G,Y,Y,C,T,A,A,A,G,-,-,-,-,-,G,-,-,-,-,3.3,169
1,T,G,T,C,C,T,A,A,A,A,-,-,-,-,-,G,-,-,-,-,4.7,141
0,T,G,T,T,C,A,A,G,A,A,-,-,-,-,-,A,-,-,-,-,4.1,169
0,T,G,T,C,C,A,G,A,A,A,G,-,G,-,A,A,A,-,-,-,3.7,318
0,T,G,C,C,A,T,G,A,A,A,-,-,-,-,-,G,-,-,-,-,4,256
0,T,G,C,C,C,C,G,A,A,A,-,-,-,-,-,A,-,-,-,-,3.3,578
1,T,G,C,T,C,A,G,G,C,T,C,-,A,-,A,A,A,-,-,-,3.9,167
0,T,G,C,T,C,T,A,G,C,A,-,-,-,-,-,G,-,-,-,-,4.6,35
0,T,G,T,C,T,T,A,G,A,A,-,-,-,-,-,G,-,-,-,-,3.2,99
0,T,G,C,C,C,T,G,R,A,A,-,-,-,-,-,A,-,-,-,-,4.2,271
0,T,G,C,T,C,A,G,G,C,A,C,-,A,-,A,A,A,-,-,-,5.8,20
0,T,G,T,C,T,T,A,G,A,A,G,-,G,-,A,G,G,-,-,-,3.6,307
0,T,G,C,C,Y,T,C,A,A,A,-,-,G,-,A,G,A,-,-,-,3.9,531
0,T,G,T,C,Y,T,A,G,A,A,-,-,-,-,-,G,-,-,-,-,4.2,198
0,T,G,T,C,C,A,A,A,A,A,-,-,-,-,-,G,-,-,-,-,3.7,118
0,T,G,T,C,C,A,A,G,C,A,-,-,-,-,-,A,-,-,-,-,5.3,20
1,T,G,C,T,C,T,G,A,C,A,-,-,-,-,-,A,-,-,-,-,4.8,265
0,T,G,C,C,C,T,K,A,A,A,C,-,G,-,A,G,A,-,-,-,3.8,722
0,T,G,C,C,A,T,G,A,A,A,-,-,-,-,-,A,-,-,-,-,3.4,400
0,T,G,C,C,T,T,A,G,A,A,-,-,-,-,-,A,-,-,-,-,4.1,278
1,T,G,T,T,C,A,A,G,A,A,C,-,G,-,R,G,A,-,-,-,4,139
0,T,G,T,C,C,A,A,G,A,A,-,-,-,-,-,A,-,-,-,-,4,790
0,W,G,C,T,C,A,A,A,C,A,-,-,-,-,-,G,-,-,-,-,5.1,436
0,W,G,T,C,C,T,A,A,M,A,-,-,-,-,-,A,-,-,-,-,3.5,311
1,Y,G,T,C,T,T,A,G,A,A,-,-,-,-,-,A,-,-,-,-,3.85,404
1,Y,G,Y,C,C,T,A,G,A,A,C,-,G,-,A,A,A,-,-,-,4.9,13
0,Y,G,T,C,C,T,A,G,A,M,-,-,-,-,-,G,-,-,-,-,4.1,140
0,Y,G,T,C,C,A,A,G,A,A,-,-,-,-,-,G,-,-,-,-,3.6,654
0,A,G,T,T,C,T,A,G,C,A,-,-,-,-,-,G,-,-,-,-,3.6,415
0,C,G,T,C,C,T,A,G,C,A,-,-,-,-,-,G,-,-,-,-,4.8,45
0,T,G,T,C,C,A,A,G,C,A,-,-,-,-,-,G,-,-,-,-,4.3,326
0,C,G,T,C,C,T,A,G,A,A,-,-,-,-,-,G,-,-,-,-,2.9,249
0,C,G,T,C,T,T,A,G,A,A,C,C,G,A,A,A,A,C,A,T,5.4,82
0,C,G,T,C,C,T,A,G,A,A,-,-,-,-,-,R,-,-,-,-,5.8,303
0,A,G,T,C,C,A,A,A,C,A,-,-,-,-,-,A,-,-,-,-,4.7,20
0,C,G,T,C,C,T,A,G,C,A,-,-,-,-,-,G,-,-,-,-,3.9,173
0,C,G,T,C,C,T,A,G,C,G,-,-,-,-,-,G,-,-,-,-,3.9,279
0,A,G,T,C,C,A,A,R,M,A,-,-,-,-,-,G,-,-,-,-,4.1,107
1,C,G,T,C,T,T,A,G,A,A,-,-,-,-,-,A,-,-,-,-,5.2,77
1,C,G,T,C,C,T,A,G,A,A,-,-,-,-,-,G,-,-,-,-,4.4,295
1,C,G,T,C,C,T,A,G,C,A,-,-,-,-,-,G,-,-,-,-,4.5,212
1,C,G,T,C,C,T,A,G,A,A,-,-,-,-,-,G,-,-,-,-,5.45,1589
0,C,G,T,C,C,A,A,A,C,A,-,-,-,-,-,A,-,-,-,-,4.1,255
1,A,G,T,C,C,A,R,R,A,A,-,-,-,-,-,G,-,-,-,-,4.8,115
0,A,G,C,T,C,A,G,G,A,A,C,-,G,-,A,G,A,-,-,-,3.4,521
0,A,G,C,C,C,T,G,A,C,A,-,-,-,-,-,G,-,-,-,-,4.7,246
1,A,G,T,T,A,A,G,A,C,A,-,-,-,-,-,A,-,-,-,-,5.1,368
0,A,G,T,T,C,A,A,A,C,A,-,-,-,-,-,A,-,-,-,-,4.5,89
0,A,G,T,Y,A,A,G,A,M,A,-,-,-,-,-,A,-,-,-,-,4.5,194
1,A,G,Y,C,C,A,A,A,C,A,Y,-,G,-,A,G,A,-,-,-,5.4,218
0,A,G,T,C,C,T,A,G,C,G,-,-,-,-,-,G,-,-,-,-,5.4,312
0,A,G,C,T,C,T,A,G,C,G,-,-,-,-,-,G,-,-,-,-,3.6,162
0,A,G,T,T,C,A,A,G,C,A,-,-,-,-,-,A,-,-,-,-,4.7,84
0,A,G,T,Y,C,A,A,G,C,A,-,-,-,-,-,R,-,-,-,-,4.5,100
0,A,G,T,T,T,T,A,R,A,A,-,-,-,-,-,G,-,-,-,-,4,348
0,A,G,T,C,C,A,A,R,C,A,-,-,-,-,-,G,-,-,-,-,5.3,15
0,C,G,T,C,C,T,A,G,C,A,C,-,G,-,G,G,A,-,-,-,3.9,50
0,C,G,T,C,C,T,A,G,C,A,-,-,-,-,-,G,-,-,-,-,2.8,730
1,C,G,T,C,C,T,A,G,A,R,-,-,-,-,-,G,-,-,-,-,4.3,315
0,C,G,C,T,C,T,A,A,A,G,-,-,-,-,-,G,-,-,-,-,4.1,351
1,C,G,T,T,T,T,A,G,A,A,-,-,-,-,-,A,-,-,-,-,4.3,109
0,C,G,T,C,C,T,A,G,C,A,-,-,-,-,-,G,-,-,-,-,4.6,203
0,C,G,T,T,C,T,G,G,C,A,-,-,-,-,-,G,-,-,-,-,3.8,267
0,C,G,T,C,C,T,A,G,A,G,-,-,-,-,-,R,-,-,-,-,3.2,509
0,C,G,T,C,C,T,A,G,A,A,-,-,-,-,-,G,-,-,-,-,4.7,199
1,C,G,T,T,C,T,A,G,C,R,-,-,-,-,-,G,-,-,-,-,4.7,257
0,C,G,T,C,T,T,A,G,A,A,-,-,-,-,-,G,-,-,-,-,4.1,144
1,C,G,T,C,C,T,A,G,A,G,-,-,-,-,-,G,-,-,-,-,4.6,569
0,C,G,T,C,C,T,A,G,A,A,T,-,G,-,A,A,A,-,-,-,4.8,375
1,C,G,T,C,C,T,A,G,C,A,C,C,G,A,A,A,A,C,A,T,4.8,11
1,C,G,T,C,C,T,A,G,C,A,-,-,N,-,A,A,A,-,-,-,4.6,12
0,C,G,T,C,C,T,A,G,C,A,-,-,-,-,-,A,-,-,-,-,3.9,271
0,C,G,T,C,C,T,A,G,C,G,-,-,-,-,-,G,-,-,-,-,4.2,609
1,C,G,T,C,T,T,A,G,A,A,C,C,G,A,A,A,A,C,A,T,2.9,170
0,C,G,C,T,C,T,G,G,A,A,-,-,-,-,-,G,-,-,-,-,5.5,249
0,C,G,Y,C,C,T,A,G,A,A,-,-,-,-,-,G,-,-,-,-,5,252
0,C,G,T,C,T,T,A,G,C,A,C,-,G,-,A,R,A,-,-,-,4.2,612
0,C,G,T,C,C,T,A,G,C,A,-,-,-,-,-,G,-,-,-,-,3.6,425
0,C,G,T,T,C,T,A,G,W,A,-,-,-,-,-,G,-,-,-,-,3.2,407
0,C,G,T,Y,C,T,A,G,T,A,-,-,-,-,-,G,-,-,-,-,4.2,303
0,C,G,T,T,C,A,A,G,M,A,-,-,-,-,-,G,-,-,-,-,3.7,114
0,M,G,C,T,C,T,G,G,A,A,-,-,-,-,-,G,-,-,-,-,4.3,219
0,M,G,T,C,C,T,A,G,C,A,C,-,G,-,A,A,R,-,-,-,5,130
1,T,G,T,C,C,A,G,G,C,A,-,-,-,-,-,A,-,-,-,-,4.5,352
0,Y,G,T,C,C,T,A,G,A,A,-,-,-,-,-,G,-,-,-,-,4.5,307
1,C,G,T,C,C,T,A,G,A,A,C,C,G,A,A,A,A,C,A,T,4.6,128
1,C,G,T,C,C,T,A,G,A,A,C,C,G,A,A,A,A,C,A,T,5.8,263
0,C,G,T,C,C,T,A,G,A,A,-,-,-,-,-,G,-,-,-,-,5.7,221
1,C,G,T,C,C,T,A,G,C,A,Y,C,G,A,A,A,A,C,A,T,5.5,222
1,C,G,T,C,Y,T,A,G,A,R,-,-,-,-,-,G,-,-,-,-,4.1,171
0,C,G,T,C,C,W,A,G,C,G,-,-,-,-,-,G,-,-,-,-,3.7,109
0,C,G,T,C,C,T,A,G,A,R,-,-,-,-,-,R,-,-,-,-,4.2,355
1,C,G,T,C,C,T,A,G,C,A,C,C,G,A,A,A,A,C,A,T,4.7,171
0,C,G,T,C,C,T,A,G,A,A,-,-,-,-,-,G,-,-,-,-,4.4,137
0,C,G,T,C,T,T,A,G,A,A,C,C,G,G,A,A,A,C,G,T,5.1,43
1,C,G,T,C,C,T,A,G,C,A,C,-,A,-,A,A,A,-,-,-,4.8,85
0,C,G,T,C,C,T,A,G,M,A,C,C,G,A,A,A,A,C,A,T,5.2,181
0,C,G,T,C,T,T,A,G,A,A,-,-,-,-,-,G,-,-,-,-,4.3,492
1,C,G,T,C,A,T,A,G,A,A,-,-,-,-,-,G,-,-,-,-,5.1,352
0,C,G,T,C,C,T,A,G,C,A,-,-,-,-,-,G,-,-,-,-,4,479
0,C,G,T,C,C,T,A,G,A,A,-,-,-,-,-,G,-,-,-,-,3.7,458
1,C,G,T,C,M,T,A,G,A,A,-,-,-,-,-,A,-,-,-,-,4.25,299
0,C,G,Y,C,C,T,A,G,A,A,-,-,-,-,-,G,-,-,-,-,3.7,253
0,C,G,T,C,C,T,A,G,A,G,-,-,-,-,-,G,-,-,-,-,3.9,338
0,C,G,T,Y,C,T,A,G,C,A,-,-,-,-,-,G,-,-,-,-,3.6,445
0,C,G,T,C,T,T,A,G,A,A,-,-,-,-,-,G,-,-,-,-,2.8,625
1,C,G,T,C,Y,T,A,G,A,A,-,-,-,-,-,G,-,-,-,-,4.3,294
0,C,G,T,C,C,A,A,G,C,A,-,-,-,-,-,G,-,-,-,-,4.6,42
1,C,G,T,C,T,T,A,G,A,A,-,-,-,-,-,G,-,-,-,-,5.5,140
0,C,G,T,C,T,T,A,G,A,A,-,-,-,-,-,A,-,-,-,-,3.6,554
1,Y,G,T,T,C,T,A,G,C,R,-,-,-,-,-,G,-,-,-,-,4.5,59
0,Y,G,T,C,C,T,A,G,C,A,-,-,-,-,-,A,-,-,-,-,3.3,513
0,C,G,T,T,C,A,G,G,A,A,C,-,A,-,A,G,A,-,-,-,3.5,339
1,C,G,T,C,C,T,A,G,A,A,C,C,A,A,A,G,A,C,G,T,4.6,139
0,C,G,T,C,T,T,A,G,A,A,-,-,-,-,-,G,-,-,-,-,4.75,254
0,C,G,T,T,M,T,A,G,C,A,C,-,G,-,A,G,A,-,-,-,3.4,320
0,A,G,T,C,C,T,A,G,C,A,-,-,-,-,-,A,-,-,-,-,4.4,174
0,C,G,C,T,C,A,G,G,A,A,C,-,G,-,A,G,A,-,-,-,3.4,658
0,A,G,T,C,C,T,A,G,A,A,-,-,-,-,-,A,-,-,-,-,3.9,644
1,C,K,T,T,C,T,A,G,A,G,-,-,-,-,-,G,-,-,-,-,5.4,65
0,A,R,T,C,G,T,A,G,A,A,-,-,-,-,-,G,-,-,-,-,3.2,474
0,C,R,T,Y,C,T,A,G,M,A,-,-,-,-,-,G,-,-,-,-,3.4,419
0,G,R,C,T,C,A,R,G,A,A,-,-,-,-,-,A,-,-,-,-,4.1,140
1,A,R,C,C,C,A,A,G,C,A,C,-,G,-,A,G,A,-,-,-,4.1,515
1,A,R,T,C,C,A,A,G,C,A,-,-,-,-,-,G,-,-,-,-,4.3,343
0,A,R,T,C,C,T,A,G,A,R,C,C,G,A,A,A,A,C,R,T,5.6,1
0,A,R,T,T,C,A,A,G,A,A,-,-,-,-,-,A,-,-,-,-,5.9,11
0,A,R,T,T,C,A,A,V,A,G,-,-,-,-,-,G,-,-,-,-,4.5,129
1,C,R,T,C,C,T,A,G,A,A,-,-,-,-,-,G,-,-,-,-,4.8,81
0,C,R,T,C,T,T,A,G,A,G,-,-,-,-,-,A,-,-,-,-,3.6,531
0,C,R,T,C,T,T,A,G,A,A,-,-,-,-,-,A,-,-,-,-,4.5,365
0,C,R,T,C,T,T,A,G,A,A,C,-,A,-,A,A,A,-,-,-,3.6,533
0,C,R,T,C,C,T,A,G,A,A,-,-,-,-,-,A,-,-,-,-,4.5,486
0,C,R,T,C,T,T,A,G,A,A,C,C,A,A,A,A,A,C,A,T,4.4,168
0,C,R,T,C,T,T,A,G,C,A,-,-,-,-,-,G,-,-,-,-,3.5,458
0,C,R,T,C,C,A,A,G,A,A,-,-,-,-,-,G,-,-,-,-,4.1,113
0,C,R,T,C,C,T,A,D,C,R,-,-,-,-,-,G,-,-,-,-,3.7,358
1,C,R,T,C,S,T,A,G,A,A,Y,C,G,A,A,A,A,C,G,T,5.8,90
0,C,R,T,C,C,T,A,G,C,A,C,-,G,-,A,G,A,-,-,-,4.6,94
1,C,R,T,C,M,T,A,G,A,A,-,-,-,-,-,G,-,-,-,-,3.9,475
1,C,R,T,C,Y,T,A,G,A,W,C,-,A,-,A,A,A,-,-,-,5.6,0
1,C,R,T,T,C,T,A,G,C,A,C,C,G,A,A,A,A,A,A,T,5.4,21
1,C,R,T,C,G,T,A,G,A,A,C,C,G,A,A,A,A,C,A,T,5.3,57
0,C,R,T,C,C,T,A,G,A,R,-,-,-,-,-,A,-,-,-,-,4.4,118
0,C,R,T,C,C,T,A,G,C,A,-,-,-,-,-,G,-,-,-,-,5.3,154
1,C,R,T,C,C,T,A,G,A,A,C,C,G,A,A,A,A,C,G,T,4.8,10
0,C,R,T,C,C,T,A,G,A,A,-,-,-,-,-,G,-,-,-,-,4.4,595
0,C,R,T,C,C,T,A,G,A,A,T,-,G,-,A,G,A,-,-,-,4.2,379
0,C,R,T,C,C,T,A,G,C,A,-,-,-,-,-,G,-,-,-,-,4,203
0,C,R,T,C,C,T,A,G,C,A,C,-,G,-,T,A,A,-,-,-,4.3,742
0,C,R,T,C,Y,T,A,G,A,A,-,-,-,-,-,G,-,-,-,-,4.2,496
1,C,R,T,C,Y,T,A,G,A,R,C,C,A,A,A,A,A,C,G,T,5.2,42
0,C,R,T,C,C,T,A,G,A,A,C,-,M,-,A,A,A,-,-,-,5.7,75
0,C,R,T,C,C,T,A,G,A,A,-,-,-,-,-,G,-,-,-,-,2.9,293
1,C,R,T,C,C,T,A,G,A,A,C,C,G,A,A,A,G,C,G,T,5.7,63
0,C,R,T,T,C,T,A,G,C,A,-,-,-,-,-,G,-,-,-,-,3.5,211
0,C,R,T,C,T,T,A,G,A,A,-,-,-,-,-,G,-,-,-,-,3.6,401
0,C,R,T,C,C,W,A,R,M,A,-,-,-,-,-,R,-,-,-,-,3.4,558
0,C,R,T,Y,C,T,A,G,C,A,-,-,-,-,-,G,-,-,-,-,3.6,336
1,C,R,T,C,C,T,A,G,C,A,-,-,-,-,-,G,-,-,-,-,4.3,199
0,C,R,T,C,T,T,A,G,A,A,-,-,-,-,-,G,-,-,-,-,3.9,214
0,C,R,T,T,C,T,A,G,C,A,-,-,-,-,-,A,-,-,-,-,4.7,159
0,C,R,T,C,Y,T,A,G,A,R,A,Y,G,A,A,A,A,C,A,T,5.5,142
0,C,R,T,C,Y,T,A,G,A,A,-,-,-,-,-,R,-,-,-,-,4.1,181
0,C,R,T,C,C,T,A,G,C,A,-,-,-,-,-,G,-,-,-,-,3.8,658
1,C,R,T,C,C,T,A,G,A,A,C,-,G,-,A,A,G,-,-,-,4.7,622
1,C,R,T,C,C,T,A,G,C,A,-,-,-,-,-,A,-,-,-,-,5,264
1,C,R,T,C,C,T,A,G,A,A,C,C,G,A,A,A,A,T,A,T,5.4,15
0,C,R,T,C,C,T,A,G,A,A,-,-,-,-,-,G,-,-,-,-,3.3,108
0,G,R,C,C,C,T,G,G,A,A,-,-,-,-,-,S,-,-,-,-,4.3,163
0,M,R,T,C,C,T,A,G,A,A,Y,T,G,A,A,A,A,C,G,T,5.2,63
1,M,R,T,C,Y,T,A,G,A,A,C,Y,G,A,A,A,A,C,G,T,5,31
1,M,R,T,C,T,T,A,G,A,A,C,C,G,A,A,A,A,C,A,T,4.3,58
0,M,R,T,C,C,A,A,A,C,A,-,-,-,-,-,A,-,-,-,-,5.1,102
0,M,R,T,C,C,T,A,G,C,G,-,-,-,-,-,A,-,-,-,-,4.9,242
0,M,R,T,Y,C,A,A,A,C,G,-,-,-,-,-,G,-,-,-,-,4,134
0,R,R,C,C,C,A,A,G,A,G,C,-,G,-,A,A,A,-,-,-,4.1,641
0,Y,R,T,T,G,T,A,G,A,A,-,-,-,-,-,A,-,-,-,-,3.6,542
1,C,R,T,C,C,T,A,G,C,A,-,-,-,-,-,A,-,-,-,-,4.6,253
0,C,R,T,C,C,T,A,G,A,A,-,-,-,-,-,A,-,-,-,-,3.9,258
0,C,R,T,C,C,T,A,G,C,R,-,-,-,-,-,A,-,-,-,-,3.7,262
0,C,R,T,T,C,T,A,G,C,A,-,-,-,-,-,G,-,-,-,-,3.7,113
0,M,R,C,T,C,A,A,A,A,A,-,-,-,-,-,G,-,-,-,-,4.6,169
0,C,R,T,C,C,T,A,G,A,A,-,-,-,-,-,G,-,-,-,-,4.4,726
0,C,R,T,C,T,T,A,G,M,A,-,-,-,-,-,G,-,-,-,-,3.4,586
0,C,R,T,C,T,T,A,G,A,A,-,-,-,-,-,G,-,-,-,-,4.5,388
0,Y,A,T,C,C,T,A,G,A,A,-,-,-,-,-,A,-,-,-,-,3.9,481
0,A,A,T,C,C,A,A,G,C,A,-,-,-,-,-,A,-,-,-,-,5.3,33
0,T,A,T,C,C,A,A,G,A,A,-,-,-,-,-,G,-,-,-,-,3.8,288
1,C,A,T,C,C,W,A,A,A,C,-,-,-,-,-,G,-,-,-,-,4.4,342
0,T,R,T,C,C,T,A,G,A,A,-,-,-,-,-,A,-,-,-,-,5.1,50
1,C,A,T,C,C,T,W,G,A,W,-,-,-,-,-,G,-,-,-,-,4.85,228
1,C,-,T,C,T,T,A,R,A,A,-,-,-,-,-,G,-,-,-,-,4.3,193
0,C,-,T,C,T,T,A,G,A,G,-,-,-,-,-,A,-,-,-,-,4.2,344
1,C,-,T,C,C,Y,A,G,A,A,-,-,-,-,-,G,-,-,-,-,4.7,428
0,A,-,T,T,C,A,G,A,A,A,-,-,-,-,-,G,-,-,-,-,5.5,152
0,G,-,C,C,T,T,G,A,A,G,-,-,-,-,-,A,-,-,-,-,5,70
1,-,-,T,C,C,T,A,G,C,G,-,-,-,-,-,A,-,-,-,-,4.4,454
0,-,-,T,C,C,T,A,G,A,A,-,-,-,-,-,A,-,-,-,-,4,104
0,-,-,C,T,C,A,G,C,C,G,-,-,-,-,-,A,-,-,-,-,3.8,195
0,-,-,T,C,T,T,A,G,A,A,-,-,-,-,-,A,-,-,-,-,4.2,223
0,-,-,T,C,C,A,A,A,C,A,-,-,-,-,-,A,-,-,-,-,3.4,132
1,-,-,T,C,C,T,A,G,A,A,-,-,-,-,-,G,-,-,-,-,4.8,453
1,-,-,T,T,C,A,A,G,A,A,-,-,-,-,-,G,-,-,-,-,5.1,186
0,-,-,C,T,C,A,G,G,M,A,-,-,-,-,-,A,-,-,-,-,4.5,61
0,-,-,T,C,C,T,A,G,A,A,-,-,-,-,-,G,-,-,-,-,5.5,438
0,-,-,T,C,T,T,A,G,A,A,-,-,-,-,-,A,-,-,-,-,3.7,279
0,A,N,Y,T,C,A,G,R,C,G,C,-,A,-,G,A,A,-,-,-,4.1,263
1,-,-,T,C,C,T,A,G,A,A,-,-,-,-,-,A,-,-,-,-,5.6,5
1,T,-,T,T,C,A,A,A,A,A,-,-,-,-,-,A,-,-,-,-,4.4,383
0,NA,NA,NA,NA,NA,NA,NA,NA,NA,NA,-,-,-,-,-,A,-,-,-,-,4.1,227
0,NA,NA,NA,NA,NA,NA,NA,NA,NA,NA,-,-,-,-,-,A,-,-,-,-,3.2,287
0,NA,NA,NA,NA,NA,NA,NA,NA,NA,NA,-,-,-,-,-,A,-,-,-,-,3,638
1,NA,NA,NA,NA,NA,NA,NA,NA,NA,NA,-,-,-,-,-,A,-,-,-,-,4.5,699
0,NA,NA,NA,NA,NA,NA,NA,NA,NA,NA,-,-,-,-,-,A,-,-,-,-,2.7,299
1,NA,NA,NA,NA,NA,NA,NA,NA,NA,NA,-,-,-,-,-,A,-,-,-,-,4.55,244
1,NA,NA,NA,NA,NA,NA,NA,NA,NA,NA,-,-,-,-,-,A,-,-,-,-,4.87,321
0,NA,NA,NA,NA,NA,NA,NA,NA,NA,NA,-,-,-,-,-,A,-,-,-,-,4.7,136
0,NA,NA,NA,NA,NA,NA,NA,NA,NA,NA,-,-,-,-,-,A,-,-,-,-,4.65,431
0,NA,NA,NA,NA,NA,NA,NA,NA,NA,NA,-,-,-,-,-,A,-,-,-,-,4.2,382
0,NA,NA,NA,NA,NA,NA,NA,NA,NA,NA,-,-,-,-,-,A,-,-,-,-,3.3,721
0,NA,NA,NA,NA,NA,NA,NA,NA,NA,NA,-,-,-,-,-,A,A,-,-,-,3.2,231
0,NA,NA,NA,NA,NA,NA,NA,NA,NA,NA,-,-,-,-,-,A,-,-,-,-,3.15,830
0,NA,NA,NA,NA,NA,NA,NA,NA,NA,NA,-,-,-,-,-,A,-,-,-,-,5.1,641
1,NA,NA,NA,NA,NA,NA,NA,NA,NA,NA,-,-,-,-,-,A,-,-,-,-,5.05,103
0,NA,NA,NA,NA,NA,NA,NA,NA,NA,NA,-,-,-,-,-,A,-,-,-,-,4.3,190
0,NA,NA,NA,NA,NA,NA,NA,NA,NA,NA,-,-,-,-,-,A,-,-,-,-,4.3,373
0,NA,NA,NA,NA,NA,NA,NA,NA,NA,NA,-,-,-,-,-,A,-,-,-,-,4.03,197
1,NA,NA,NA,NA,NA,NA,NA,NA,NA,NA,-,-,-,-,-,A,-,-,-,-,5,335
0,NA,NA,NA,NA,NA,NA,NA,NA,NA,NA,-,-,-,-,-,A,-,-,-,-,3.35,572
0,NA,NA,NA,NA,NA,NA,NA,NA,NA,NA,-,-,-,-,-,A,-,-,-,-,3.3,281
0,NA,NA,NA,NA,NA,NA,NA,NA,NA,NA,-,-,-,-,-,A,-,-,-,-,4.45,226
1,NA,NA,NA,NA,NA,NA,NA,NA,NA,NA,-,-,-,-,-,A,-,-,-,-,4.25,210
0,NA,NA,NA,NA,NA,NA,NA,NA,NA,NA,-,-,-,-,-,A,-,-,-,-,4.6,353
0,NA,NA,NA,NA,NA,NA,NA,NA,NA,NA,-,-,-,-,-,A,-,-,-,-,4.35,464
1,NA,NA,NA,NA,NA,NA,NA,NA,NA,NA,-,-,-,-,-,A,-,-,-,-,4.75,349
0,NA,NA,NA,NA,NA,NA,NA,NA,NA,NA,-,-,-,-,-,A,-,-,-,-,4.75,274
1,NA,NA,NA,NA,NA,NA,NA,NA,NA,NA,-,-,-,-,-,A,-,-,-,-,4.6,254
0,NA,NA,NA,NA,NA,NA,NA,NA,NA,NA,-,-,-,-,-,A,-,-,-,-,4.3,161
1,NA,NA,NA,NA,NA,NA,NA,NA,NA,NA,-,-,-,-,-,A,-,-,-,-,3.45,472
0,NA,NA,NA,NA,NA,NA,NA,NA,NA,NA,-,-,-,-,-,R,-,-,-,-,3,260
0,NA,NA,NA,NA,NA,NA,NA,NA,NA,NA,-,-,-,-,-,A,-,-,-,-,4.2,381
0,NA,NA,NA,NA,NA,NA,NA,NA,NA,NA,-,-,-,-,-,A,-,-,-,-,4.65,421
0,NA,NA,NA,NA,NA,NA,NA,NA,NA,NA,-,-,-,-,-,A,-,-,-,-,3.1,303
0,NA,NA,NA,NA,NA,NA,NA,NA,NA,NA,-,-,-,-,-,A,-,-,-,-,4.55,219
0,NA,NA,NA,NA,NA,NA,NA,NA,NA,NA,-,-,-,-,-,A,-,-,-,-,3.8,679
0,NA,NA,NA,NA,NA,NA,NA,NA,NA,NA,-,-,-,-,-,A,-,-,-,-,4.65,328
1,NA,NA,NA,NA,NA,NA,NA,NA,NA,NA,-,-,-,-,-,G,-,-,-,-,3.9,286
0,NA,NA,NA,NA,NA,NA,NA,NA,NA,NA,-,-,-,-,-,A,-,-,-,-,4.55,253
1,NA,NA,NA,NA,NA,NA,NA,NA,NA,NA,-,-,-,-,-,A,-,-,-,-,4.5,221
1,NA,NA,NA,NA,NA,NA,NA,NA,NA,NA,-,-,-,-,-,A,-,-,-,-,3.8,650
0,NA,NA,NA,NA,NA,NA,NA,NA,NA,NA,-,-,-,-,-,A,-,-,-,-,4.7,471
1,NA,NA,NA,NA,NA,NA,NA,NA,NA,NA,-,-,-,-,-,A,-,-,-,-,4.15,471
0,NA,NA,NA,NA,NA,NA,NA,NA,NA,NA,-,-,-,-,-,A,-,-,-,-,3.7,551
1,NA,NA,NA,NA,NA,NA,NA,NA,NA,NA,-,-,-,-,-,A,-,-,-,-,5.05,258
0,NA,NA,NA,NA,NA,NA,NA,NA,NA,NA,-,-,-,-,-,A,-,-,-,-,4.1,215
0,NA,NA,NA,NA,NA,NA,NA,NA,NA,NA,-,-,-,-,-,A,-,-,-,-,3.9,462
0,NA,NA,NA,NA,NA,NA,NA,NA,NA,NA,-,-,-,-,-,A,-,-,-,-,3.95,304
1,NA,NA,NA,NA,NA,NA,NA,NA,NA,NA,-,-,-,-,-,G,-,-,-,-,4.6,355
1,NA,NA,NA,NA,NA,NA,NA,NA,NA,NA,-,-,-,-,-,A,-,-,-,-,5.75,380
1,NA,NA,NA,NA,NA,NA,NA,NA,NA,NA,-,-,G,-,A,A,A,-,-,-,4.75,432
0,NA,NA,NA,NA,NA,NA,NA,NA,NA,NA,-,-,-,-,-,A,-,-,-,-,3.7,192
0,NA,NA,NA,NA,NA,NA,NA,NA,NA,NA,-,-,-,-,-,A,-,-,-,-,3.45,339
0,NA,NA,NA,NA,NA,NA,NA,NA,NA,NA,-,-,-,-,-,A,-,-,-,-,4.5,475
0,NA,NA,NA,NA,NA,NA,NA,NA,NA,NA,-,-,-,-,-,A,-,-,-,-,4.45,201
0,NA,NA,NA,NA,NA,NA,NA,NA,NA,NA,-,-,-,-,-,A,-,-,-,-,3.9,454
0,NA,NA,NA,NA,NA,NA,NA,NA,NA,NA,-,-,-,-,-,A,-,-,-,-,3.5,564
0,NA,NA,NA,NA,NA,NA,NA,NA,NA,NA,-,-,-,-,-,A,-,-,-,-,3.9,319
0,NA,NA,NA,NA,NA,NA,NA,NA,NA,NA,-,-,-,-,-,A,-,-,-,-,3,361
0,NA,NA,NA,NA,NA,NA,NA,NA,NA,NA,-,-,-,-,-,G,-,-,-,-,4.15,301
0,NA,NA,NA,NA,NA,NA,NA,NA,NA,NA,-,-,-,-,-,A,-,-,-,-,3.9,102
0,NA,NA,NA,NA,NA,NA,NA,NA,NA,NA,-,-,-,-,-,A,-,-,-,-,5,245
0,NA,NA,NA,NA,NA,NA,NA,NA,NA,NA,-,-,-,-,-,A,-,-,-,-,2.7,319
1,NA,NA,NA,NA,NA,NA,NA,NA,NA,NA,-,-,-,-,-,R,-,-,-,-,4.7,217
0,NA,NA,NA,NA,NA,NA,NA,NA,NA,NA,-,-,-,-,A,A,A,-,-,-,2.9,256
0,NA,NA,NA,NA,NA,NA,NA,NA,NA,NA,-,-,-,-,-,A,-,-,-,-,3.1,497
0,NA,NA,NA,NA,NA,NA,NA,NA,NA,NA,-,-,-,-,-,G,-,-,-,-,3.85,218
0,NA,NA,NA,NA,NA,NA,NA,NA,NA,NA,-,-,-,-,-,A,-,-,-,-,4.5,400
0,NA,NA,NA,NA,NA,NA,NA,NA,NA,NA,-,-,-,-,-,A,-,-,-,-,4.45,629
1,NA,NA,NA,NA,NA,NA,NA,NA,NA,NA,-,-,R,-,A,A,A,-,-,-,4.7,221
0,NA,NA,NA,NA,NA,NA,NA,NA,NA,NA,-,-,-,-,-,A,-,-,-,-,4.85,444
0,NA,NA,NA,NA,NA,NA,NA,NA,NA,NA,-,-,-,-,-,A,-,-,-,-,3.47,594
0,NA,NA,NA,NA,NA,NA,NA,NA,NA,NA,-,-,-,-,-,R,-,-,-,-,3.15,439
0,NA,NA,NA,NA,NA,NA,NA,NA,NA,NA,-,-,-,-,-,R,-,-,-,-,2.9,264
0,NA,NA,NA,NA,NA,NA,NA,NA,NA,NA,-,-,-,-,-,A,-,-,-,-,4.15,165
0,NA,NA,NA,NA,NA,NA,NA,NA,NA,NA,-,-,-,-,-,R,-,-,-,-,3.15,354
0,NA,NA,NA,NA,NA,NA,NA,NA,NA,NA,-,-,-,-,-,A,-,-,-,-,5.5,50
0,NA,NA,NA,NA,NA,NA,NA,NA,NA,NA,-,-,-,-,-,A,-,-,-,-,4.1,369
0,NA,NA,NA,NA,NA,NA,NA,NA,NA,NA,-,-,-,-,-,A,-,-,-,-,3.37,127
0,NA,NA,NA,NA,NA,NA,NA,NA,NA,NA,-,-,-,-,-,A,-,-,-,-,4.97,570